-- phpMyAdmin SQL Dump
-- version 4.6.5.2
-- https://www.phpmyadmin.net/
--
-- Host: 127.0.0.1
-- Generation Time: 2017-07-13 06:20:09
-- 服务器版本： 10.1.21-MariaDB
-- PHP Version: 5.6.30

SET SQL_MODE = "NO_AUTO_VALUE_ON_ZERO";
SET time_zone = "+00:00";


/*!40101 SET @OLD_CHARACTER_SET_CLIENT=@@CHARACTER_SET_CLIENT */;
/*!40101 SET @OLD_CHARACTER_SET_RESULTS=@@CHARACTER_SET_RESULTS */;
/*!40101 SET @OLD_COLLATION_CONNECTION=@@COLLATION_CONNECTION */;
/*!40101 SET NAMES utf8mb4 */;

--
-- Database: `sign_up`
--

-- --------------------------------------------------------

--
-- 表的结构 `su_course_tree`
--

CREATE TABLE `su_course_tree` (
  `ctr_NodeId` int(11) NOT NULL COMMENT '结点ID',
  `ctr_ParentId` int(11) NOT NULL COMMENT '父结点ID',
  `ctr_Name` varchar(30) COLLATE utf8_bin NOT NULL COMMENT '结点名称',
  `ctr_Limit` int(11) DEFAULT NULL,
  `ctr_Level` int(2) NOT NULL COMMENT '结点等级',
  `ctr_Synopsis` text COLLATE utf8_bin COMMENT '结点摘要'
) ENGINE=InnoDB DEFAULT CHARSET=utf8 COLLATE=utf8_bin ROW_FORMAT=COMPACT;

--
-- 转存表中的数据 `su_course_tree`
--

INSERT INTO `su_course_tree` (`ctr_NodeId`, `ctr_ParentId`, `ctr_Name`, `ctr_Limit`, `ctr_Level`, `ctr_Synopsis`) VALUES
(1, 0, '数学与信息工程', NULL, 0, NULL),
(4, 1, '计算机科学与技术', NULL, 1, NULL),
(5, 4, '方向选择', NULL, 2, NULL),
(12, 5, '方向一 JAVA  ', 200, 3, 'JAVA Web/J2EE体系的强大和优雅可以精心去构建一个良好的系统。'),
(14, 12, 'JAVA WEB框架技术*', 0, 4, 'JAVA Web/J2EE体系的强大和优雅可以精心去构建一个良好的系统。众多的免费工具，比如Apache/Tomcat/JBoss，这些都是构建一个网络程序的坚实基础。为开发人员提供的优秀的支持。比如Eclipse，Maven，Gradle。\n众多的JAVA Web/J2EE核心库以外的第三方库和框架使得开发附加功能轻而易举。'),
(15, 5, '方向二 .net ', 200, 3, '*'),
(16, 15, '.NET WEB开发技术*', 0, 4, '.NET web 以C#语言的基础，主要介绍网页控件的使用，ASP.NET AJAX交互，json数据交互。\n'),
(17, 15, '.NET程序设计*', 0, 4, ' .NET 程序设计设计主要介绍基于C#的窗体程序，基于WPF和WCF的程序设计过程和数据交互。\n'),
(18, 4, '模块选择', NULL, 2, NULL),
(19, 18, '软件工程模块  ', 200, 3, '软件工程是一门研究用工程化方法构建和维护有效的、实用的和高质量的软件的学科。它涉及程序设计语言、数据库、软件开发工具、系统平台、标准、设计模式等方面。'),
(20, 19, '数据库脚本语言', 0, 4, 'Oracle数据库的使用。'),
(21, 19, '测试技术', 0, 4, '软件测试技术是软件开发过程中的一个重要组成部分，是贯穿整个软件开发生命周期、对软件产品（包括阶段性产品）进行验证和确认的活动过程，其目的是尽快尽早地发现在软件产品中所存在的各种问题——与用户需求、预先定义的不一致性。检查软件产品的bug。写成测试报告，交于开发人员修改。'),
(22, 18, '网络工程模块  ', 200, 3, '网络工程是指按计划进行的以工程化的思想、方式、方法，设计、研发和解决网络系统问题的工程。培养掌握网络工程的基本理论与方法以及计算机技术和网络技术等方面的知识，能运用所学知识与技能去分析和解决相关的实际问题，可在信息产业以及其他国民经济部门从事各类网络系统和计算机通信系统研究、教学、设计、开发等工作的高级网络科技人才。'),
(23, 22, '网络工程技术', 0, 4, '使用cisco（思科）配套软件学习相关网络配置的方法。'),
(24, 22, '信息安全', 0, 4, '学习和编写如：RSA、AES等加密算法。主要目的用于加强数据传输或存储的安全性。'),
(25, 18, '计算机理论模块   ', 200, 3, '计算机考研科目。'),
(26, 25, '操作系统', 0, 4, '*'),
(27, 25, '计算机组成原理', 0, 4, '*'),
(28, 18, '通信理论模块   ', 200, 3, '通讯类考研科目。'),
(29, 28, '信号与系统', 0, 4, '*'),
(30, 28, '通信原理', 0, 4, '*'),
(31, 1, '物联网工程', NULL, 1, NULL),
(32, 31, '方向选择', NULL, 2, NULL),
(33, 32, '系统设计与开发方向  ', 200, 3, '物联网系统设计与开发：主要学习单片机应用开发、嵌入式系统设计与开发、物联网通信与组网技术。'),
(34, 32, '系统应用方向  ', 200, 3, '物联网系统应用开发：主要学习基于物联网系统的应用端程序开发，基于物联网平台的前端和后端开发。\n\n'),
(35, 33, '物联网软件设计*', 0, 4, '*'),
(36, 33, '物联网通信技术*', 0, 4, '*'),
(37, 34, '网页前端开发*', 0, 4, '*'),
(38, 34, 'WEB开发技术*', 0, 4, '*'),
(39, 31, '模块选择', NULL, 2, NULL),
(40, 39, '软件工程模块   ', 200, 3, '软件工程是一门研究用工程化方法构建和维护有效的、实用的和高质量的软件的学科。它涉及程序设计语言、数据库、软件开发工具、系统平台、标准、设计模式等方面。'),
(41, 39, '网络工程模块  ', 200, 3, '网络工程是指按计划进行的以工程化的思想、方式、方法，设计、研发和解决网络系统问题的工程。培养掌握网络工程的基本理论与方法以及计算机技术和网络技术等方面的知识，能运用所学知识与技能去分析和解决相关的实际问题，可在信息产业以及其他国民经济部门从事各类网络系统和计算机通信系统研究、教学、设计、开发等工作的高级网络科技人才。'),
(42, 39, '计算机理论模块  ', 200, 3, '计算机考研科目。'),
(43, 39, '通信理论模块  ', 200, 3, '通讯类考研科目。'),
(44, 40, '数据库脚本语言', 0, 4, 'Oracle数据库的使用。'),
(45, 40, '测试技术', 0, 4, '软件测试技术是软件开发过程中的一个重要组成部分，是贯穿整个软件开发生命周期、对软件产品（包括阶段性产品）进行验证和确认的活动过程，其目的是尽快尽早地发现在软件产品中所存在的各种问题——与用户需求、预先定义的不一致性。检查软件产品的bug。写成测试报告，交于开发人员修改。'),
(46, 41, '网络工程技术', 0, 4, '使用cisco（思科）配套软件学习相关网络配置的方法。'),
(47, 41, '信息安全', 0, 4, '学习和编写如：RSA、AES等加密算法。主要目的用于加强数据传输或存储的安全性。'),
(48, 42, '计算机组成原理', 0, 4, '*'),
(49, 42, '操作系统', 0, 4, '*'),
(50, 43, '信号与系统', 0, 4, '*'),
(51, 43, '通信原理', 0, 4, '*'),
(52, 1, '数学与应用数学', NULL, 1, NULL),
(53, 52, '二选一', NULL, 2, NULL),
(54, 52, '二选一', NULL, 2, NULL),
(55, 53, '方向一 ', 200, 3, '*'),
(56, 53, '方向二 ', 200, 3, '*'),
(57, 54, '方向三 ', 200, 3, '*'),
(58, 54, '方向四 ', 200, 3, '*'),
(59, 55, '近世代数', 0, 4, '*'),
(60, 55, '实变函数与泛函数分析', 0, 4, '*'),
(61, 55, '随机过程', 0, 4, '*'),
(62, 56, '竞赛数学', 0, 4, '*'),
(63, 56, '中小学数学课程标准解读', 0, 4, '*'),
(64, 56, '课堂教学案例分析', 0, 4, '*'),
(65, 57, '商业银行经营管理', 0, 4, '*'),
(66, 57, '个人理财', 0, 4, '*'),
(67, 58, '证券投资学', 0, 4, '*'),
(68, 58, '基金管理', 0, 4, '*'),
(69, 12, 'JAVA WEB开发技术*', 0, 4, 'JAVA Web/J2EE体系的强大和优雅可以精心去构建一个良好的系统。众多的免费工具，比如Apache/Tomcat/JBoss，这些都是构建一个网络程序的坚实基础。为开发人员提供的优秀的支持。比如Eclipse，Maven，Gradle。\n众多的JAVA Web/J2EE核心库以外的第三方库和框架使得开发附加功能轻而易举。'),
(70, 33, '岗前培训1*', 0, 4, '*'),
(71, 34, '岗前培训2*', 0, 4, '*');

-- --------------------------------------------------------

--
-- 表的结构 `su_manager`
--

CREATE TABLE `su_manager` (
  `mg_Id` int(11) NOT NULL COMMENT 'id',
  `mg_Name` varchar(20) COLLATE utf8_bin NOT NULL COMMENT '用户名',
  `mg_Password` varchar(32) COLLATE utf8_bin NOT NULL COMMENT '密码',
  `mg_Rule` int(4) NOT NULL COMMENT '允许选专业分流的年级'
) ENGINE=InnoDB DEFAULT CHARSET=utf8 COLLATE=utf8_bin ROW_FORMAT=COMPACT;

--
-- 转存表中的数据 `su_manager`
--

INSERT INTO `su_manager` (`mg_Id`, `mg_Name`, `mg_Password`, `mg_Rule`) VALUES
(1, 'admin', '123456', 2015);

-- --------------------------------------------------------

--
-- 表的结构 `su_student`
--

CREATE TABLE `su_student` (
  `stu_Number` int(10) NOT NULL COMMENT '学号',
  `stu_Name` varchar(20) COLLATE utf8_bin NOT NULL COMMENT '姓名',
  `stu_Sex` varchar(2) COLLATE utf8_bin NOT NULL COMMENT '性别',
  `stu_Grade` int(4) NOT NULL COMMENT '年级',
  `stu_Profession` varchar(30) COLLATE utf8_bin NOT NULL COMMENT '专业',
  `stu_Class` int(2) NOT NULL COMMENT '班级',
  `stu_Password` varchar(32) COLLATE utf8_bin NOT NULL COMMENT '密码',
  `stu_IsChange` tinyint(1) NOT NULL COMMENT '是否更改密码'
) ENGINE=InnoDB DEFAULT CHARSET=utf8 COLLATE=utf8_bin;

--
-- 转存表中的数据 `su_student`
--

INSERT INTO `su_student` (`stu_Number`, `stu_Name`, `stu_Sex`, `stu_Grade`, `stu_Profession`, `stu_Class`, `stu_Password`, `stu_IsChange`) VALUES
(123, '田俊', '男', 2014, '计算机科学与技术', 1, '25d55ad283aa400af464c76d713c07ad', 1),
(1234, '张三', '男', 2014, '计算机科学与技术', 1, '25d55ad283aa400af464c76d713c07ad', 1),
(12345, '阿萨德', '男', 2015, '物联网工程', 1, 'e10adc3949ba59abbe56e057f20f883e', 1),
(1310506258, '徐郊', '男', 2015, '计算机科学与技术', 5, 'f1b82d12e6a375033a5d7697d4b802a0', 1),
(1410501101, '陈宣其', '男', 2014, '计算机科学与技术(软件工程)', 1, 'e10adc3949ba59abbe56e057f20f883e', 0),
(1410501102, '唐方栋', '男', 2014, '计算机科学与技术(软件工程)', 1, 'e10adc3949ba59abbe56e057f20f883e', 0),
(1410501103, '岳豪', '男', 2014, '计算机科学与技术(软件工程)', 1, 'e10adc3949ba59abbe56e057f20f883e', 0),
(1410501104, '张中友', '男', 2014, '计算机科学与技术(软件工程)', 1, 'e10adc3949ba59abbe56e057f20f883e', 0),
(1410501105, '田雨', '男', 2014, '计算机科学与技术(软件工程)', 1, 'e10adc3949ba59abbe56e057f20f883e', 0),
(1410501106, '余俊杰', '男', 2014, '计算机科学与技术(软件工程)', 1, 'e10adc3949ba59abbe56e057f20f883e', 0),
(1410501107, '向亮', '男', 2014, '计算机科学与技术(软件工程)', 1, 'e10adc3949ba59abbe56e057f20f883e', 0),
(1410501108, '田鹏', '男', 2014, '计算机科学与技术(软件工程)', 1, 'e10adc3949ba59abbe56e057f20f883e', 0),
(1410501109, '吴磊', '男', 2014, '计算机科学与技术(软件工程)', 1, 'e10adc3949ba59abbe56e057f20f883e', 0),
(1410501110, '林钰翔', '男', 2014, '计算机科学与技术(软件工程)', 1, 'e10adc3949ba59abbe56e057f20f883e', 0),
(1410501111, '廖恒', '男', 2014, '计算机科学与技术(软件工程)', 1, 'e10adc3949ba59abbe56e057f20f883e', 0),
(1410501112, '李杰', '男', 2014, '计算机科学与技术(软件工程)', 1, 'e10adc3949ba59abbe56e057f20f883e', 0),
(1410501113, '郭杨路', '男', 2014, '计算机科学与技术(软件工程)', 1, 'e10adc3949ba59abbe56e057f20f883e', 0),
(1410501114, '张宇', '男', 2014, '计算机科学与技术(软件工程)', 1, 'e10adc3949ba59abbe56e057f20f883e', 0),
(1410501115, '胡华清', '男', 2014, '计算机科学与技术(软件工程)', 1, 'e10adc3949ba59abbe56e057f20f883e', 0),
(1410501116, '谭路', '男', 2014, '计算机科学与技术(软件工程)', 1, 'e10adc3949ba59abbe56e057f20f883e', 0),
(1410501117, '潘俊宏', '男', 2014, '计算机科学与技术(软件工程)', 1, 'e10adc3949ba59abbe56e057f20f883e', 0),
(1410501118, '蔡鸿', '男', 2014, '计算机科学与技术(软件工程)', 1, 'e10adc3949ba59abbe56e057f20f883e', 0),
(1410501119, '郑聪', '男', 2014, '计算机科学与技术(软件工程)', 1, 'e10adc3949ba59abbe56e057f20f883e', 0),
(1410501120, '肖磊', '男', 2014, '计算机科学与技术(软件工程)', 1, 'e10adc3949ba59abbe56e057f20f883e', 0),
(1410501121, '陈俊洁', '男', 2014, '计算机科学与技术(软件工程)', 1, 'e10adc3949ba59abbe56e057f20f883e', 0),
(1410501122, '廖术生', '男', 2014, '计算机科学与技术(软件工程)', 1, 'e10adc3949ba59abbe56e057f20f883e', 0),
(1410501124, '沈建', '男', 2014, '计算机科学与技术(软件工程)', 1, 'e10adc3949ba59abbe56e057f20f883e', 0),
(1410501125, '毛莉富', '男', 2014, '计算机科学与技术(软件工程)', 1, 'e10adc3949ba59abbe56e057f20f883e', 0),
(1410501126, '卓鹏', '男', 2014, '计算机科学与技术(软件工程)', 1, 'e10adc3949ba59abbe56e057f20f883e', 0),
(1410501127, '唐振', '男', 2014, '计算机科学与技术(软件工程)', 1, 'e10adc3949ba59abbe56e057f20f883e', 0),
(1410501128, '易剑锋', '男', 2014, '计算机科学与技术(软件工程)', 1, 'e10adc3949ba59abbe56e057f20f883e', 0),
(1410501129, '彭祎', '男', 2014, '计算机科学与技术(软件工程)', 1, 'e10adc3949ba59abbe56e057f20f883e', 0),
(1410501131, '颜磊', '男', 2014, '计算机科学与技术(软件工程)', 1, 'e10adc3949ba59abbe56e057f20f883e', 0),
(1410501132, '陈俊霖', '男', 2014, '计算机科学与技术(软件工程)', 1, 'e10adc3949ba59abbe56e057f20f883e', 0),
(1410501134, '韩锐', '男', 2014, '计算机科学与技术(软件工程)', 1, 'e10adc3949ba59abbe56e057f20f883e', 0),
(1410501135, '刘飞', '男', 2014, '计算机科学与技术(软件工程)', 1, 'e10adc3949ba59abbe56e057f20f883e', 0),
(1410501136, '杨坤', '男', 2014, '计算机科学与技术(软件工程)', 1, 'e10adc3949ba59abbe56e057f20f883e', 0),
(1410501137, '肖轲予', '男', 2014, '计算机科学与技术(软件工程)', 1, 'e10adc3949ba59abbe56e057f20f883e', 0),
(1410501138, '王天宇', '男', 2014, '计算机科学与技术(软件工程)', 1, 'e10adc3949ba59abbe56e057f20f883e', 0),
(1410501139, '蒋云超', '男', 2014, '计算机科学与技术(软件工程)', 1, 'e10adc3949ba59abbe56e057f20f883e', 0),
(1410501140, '黄先鸿', '男', 2014, '计算机科学与技术(软件工程)', 1, 'e10adc3949ba59abbe56e057f20f883e', 0),
(1410501141, '杨超', '男', 2014, '计算机科学与技术(软件工程)', 1, 'e10adc3949ba59abbe56e057f20f883e', 0),
(1410501142, '张海山', '男', 2014, '计算机科学与技术(软件工程)', 1, 'e10adc3949ba59abbe56e057f20f883e', 0),
(1410501143, '欧阳华宝', '男', 2014, '计算机科学与技术(软件工程)', 1, 'e10adc3949ba59abbe56e057f20f883e', 0),
(1410501144, '刘姜渝', '男', 2014, '计算机科学与技术(软件工程)', 1, 'e10adc3949ba59abbe56e057f20f883e', 0),
(1410501145, '徐洋', '男', 2014, '计算机科学与技术(软件工程)', 1, 'e10adc3949ba59abbe56e057f20f883e', 0),
(1410501146, '彭星皓', '男', 2014, '计算机科学与技术(软件工程)', 1, 'e10adc3949ba59abbe56e057f20f883e', 0),
(1410501147, '向兴华', '男', 2014, '计算机科学与技术(软件工程)', 1, 'e10adc3949ba59abbe56e057f20f883e', 0),
(1410501148, '刘昌洪', '男', 2014, '计算机科学与技术(软件工程)', 1, 'e10adc3949ba59abbe56e057f20f883e', 0),
(1410501149, '谢结岙', '男', 2014, '计算机科学与技术(软件工程)', 1, 'e10adc3949ba59abbe56e057f20f883e', 0),
(1410501150, '张傅姜', '男', 2014, '计算机科学与技术(软件工程)', 1, 'e10adc3949ba59abbe56e057f20f883e', 0),
(1410501151, '杨华', '男', 2014, '计算机科学与技术(软件工程)', 1, 'e10adc3949ba59abbe56e057f20f883e', 0),
(1410501152, '张迪宪', '男', 2014, '计算机科学与技术(软件工程)', 1, 'e10adc3949ba59abbe56e057f20f883e', 0),
(1410501153, '唐纯', '女', 2014, '计算机科学与技术(软件工程)', 1, 'e10adc3949ba59abbe56e057f20f883e', 0),
(1410501154, '杨媛', '女', 2014, '计算机科学与技术(软件工程)', 1, 'e10adc3949ba59abbe56e057f20f883e', 0),
(1410501155, '陈远远', '女', 2014, '计算机科学与技术(软件工程)', 1, 'e10adc3949ba59abbe56e057f20f883e', 0),
(1410501156, '李小琳', '女', 2014, '计算机科学与技术(软件工程)', 1, 'e10adc3949ba59abbe56e057f20f883e', 0),
(1410501157, '李艳红', '女', 2014, '计算机科学与技术(软件工程)', 1, 'e10adc3949ba59abbe56e057f20f883e', 0),
(1410501158, '陈秋香', '女', 2014, '计算机科学与技术(软件工程)', 1, 'e10adc3949ba59abbe56e057f20f883e', 0),
(1410501160, '唐芬', '女', 2014, '计算机科学与技术(软件工程)', 1, 'e10adc3949ba59abbe56e057f20f883e', 0),
(1410501161, '柯敏', '女', 2014, '计算机科学与技术(软件工程)', 1, 'e10adc3949ba59abbe56e057f20f883e', 0),
(1410501162, '李帅', '女', 2014, '计算机科学与技术(软件工程)', 1, 'e10adc3949ba59abbe56e057f20f883e', 0),
(1410501164, '吴媛媛', '女', 2014, '计算机科学与技术(软件工程)', 1, 'e10adc3949ba59abbe56e057f20f883e', 0),
(1410501165, '黄丽琼', '女', 2015, '计算机科学与技术', 2, '66083901b6d89005aea26b20a04e1c09', 1),
(1410501166, '梁鹏', '女', 2014, '计算机科学与技术(软件工程)', 1, 'e10adc3949ba59abbe56e057f20f883e', 0),
(1410501201, '宋佳鑫', '男', 2014, '计算机科学与技术(软件工程)', 2, 'e10adc3949ba59abbe56e057f20f883e', 0),
(1410501202, '张佐东', '男', 2014, '计算机科学与技术(软件工程)', 2, 'e10adc3949ba59abbe56e057f20f883e', 0),
(1410501203, '谢俊杰', '男', 2014, '计算机科学与技术(软件工程)', 2, 'e10adc3949ba59abbe56e057f20f883e', 0),
(1410501204, '张浩', '男', 2014, '计算机科学与技术(软件工程)', 2, 'e10adc3949ba59abbe56e057f20f883e', 0),
(1410501205, '李渊', '男', 2014, '计算机科学与技术(软件工程)', 2, 'e10adc3949ba59abbe56e057f20f883e', 0),
(1410501206, '向奕彰', '男', 2014, '计算机科学与技术(软件工程)', 2, 'e10adc3949ba59abbe56e057f20f883e', 0),
(1410501207, '周洪林', '男', 2014, '计算机科学与技术(软件工程)', 2, 'e10adc3949ba59abbe56e057f20f883e', 0),
(1410501208, '向亿东', '男', 2014, '计算机科学与技术(软件工程)', 2, 'e10adc3949ba59abbe56e057f20f883e', 0),
(1410501210, '程林', '男', 2014, '计算机科学与技术(软件工程)', 2, 'e10adc3949ba59abbe56e057f20f883e', 0),
(1410501211, '王成超', '男', 2014, '计算机科学与技术(软件工程)', 2, 'e10adc3949ba59abbe56e057f20f883e', 0),
(1410501212, '张磊', '男', 2014, '计算机科学与技术(软件工程)', 2, 'e10adc3949ba59abbe56e057f20f883e', 0),
(1410501213, '詹耀', '男', 2014, '计算机科学与技术(软件工程)', 2, 'e10adc3949ba59abbe56e057f20f883e', 0),
(1410501214, '夏佳川', '男', 2014, '计算机科学与技术(软件工程)', 2, 'e10adc3949ba59abbe56e057f20f883e', 0),
(1410501216, '刘刚', '男', 2014, '计算机科学与技术(软件工程)', 2, 'e10adc3949ba59abbe56e057f20f883e', 0),
(1410501217, '刘家洛', '男', 2014, '计算机科学与技术(软件工程)', 2, 'e10adc3949ba59abbe56e057f20f883e', 0),
(1410501218, '陶涛', '男', 2014, '计算机科学与技术(软件工程)', 2, 'e10adc3949ba59abbe56e057f20f883e', 0),
(1410501219, '谯墙', '男', 2014, '计算机科学与技术(软件工程)', 2, 'e10adc3949ba59abbe56e057f20f883e', 0),
(1410501220, '夏龙', '男', 2014, '计算机科学与技术(软件工程)', 2, 'e10adc3949ba59abbe56e057f20f883e', 0),
(1410501221, '杨洲', '男', 2014, '计算机科学与技术(软件工程)', 2, 'e10adc3949ba59abbe56e057f20f883e', 0),
(1410501222, '王帅', '男', 2014, '计算机科学与技术(软件工程)', 2, 'e10adc3949ba59abbe56e057f20f883e', 0),
(1410501223, '党皓楠', '男', 2014, '计算机科学与技术(软件工程)', 2, 'e10adc3949ba59abbe56e057f20f883e', 0),
(1410501224, '黎佰恒', '男', 2014, '计算机科学与技术(软件工程)', 2, 'e10adc3949ba59abbe56e057f20f883e', 0),
(1410501225, '李朋', '男', 2014, '计算机科学与技术(软件工程)', 2, 'e10adc3949ba59abbe56e057f20f883e', 0),
(1410501227, '肖锋', '男', 2014, '计算机科学与技术(软件工程)', 2, 'e10adc3949ba59abbe56e057f20f883e', 0),
(1410501228, '庞一化', '男', 2014, '计算机科学与技术(软件工程)', 2, 'e10adc3949ba59abbe56e057f20f883e', 0),
(1410501229, '游鹏', '男', 2014, '计算机科学与技术(软件工程)', 2, 'e10adc3949ba59abbe56e057f20f883e', 0),
(1410501230, '李伟', '男', 2014, '计算机科学与技术(软件工程)', 2, 'e10adc3949ba59abbe56e057f20f883e', 0),
(1410501231, '向昌鑫', '男', 2014, '计算机科学与技术(软件工程)', 2, 'e10adc3949ba59abbe56e057f20f883e', 0),
(1410501232, '向国辉', '男', 2014, '计算机科学与技术(软件工程)', 2, 'e10adc3949ba59abbe56e057f20f883e', 0),
(1410501233, '熊家枢', '男', 2014, '计算机科学与技术(软件工程)', 2, 'e10adc3949ba59abbe56e057f20f883e', 0),
(1410501234, '曾顺安', '男', 2014, '计算机科学与技术(软件工程)', 2, 'e10adc3949ba59abbe56e057f20f883e', 0),
(1410501235, '曾强', '男', 2014, '计算机科学与技术(软件工程)', 2, 'e10adc3949ba59abbe56e057f20f883e', 0),
(1410501236, '刘贵杰', '男', 2014, '计算机科学与技术(软件工程)', 2, 'e10adc3949ba59abbe56e057f20f883e', 0),
(1410501237, '徐志恒', '男', 2014, '计算机科学与技术(软件工程)', 2, 'e10adc3949ba59abbe56e057f20f883e', 0),
(1410501238, '王聪博', '男', 2014, '计算机科学与技术(软件工程)', 2, 'e10adc3949ba59abbe56e057f20f883e', 0),
(1410501239, '徐晓龙', '男', 2014, '计算机科学与技术(软件工程)', 2, 'e10adc3949ba59abbe56e057f20f883e', 0),
(1410501240, '韩明泉', '男', 2014, '计算机科学与技术(软件工程)', 2, 'e10adc3949ba59abbe56e057f20f883e', 0),
(1410501242, '余磊', '男', 2014, '计算机科学与技术(软件工程)', 2, 'e10adc3949ba59abbe56e057f20f883e', 0),
(1410501243, '杨端', '男', 2014, '计算机科学与技术(软件工程)', 2, 'e10adc3949ba59abbe56e057f20f883e', 0),
(1410501244, '罗显文', '男', 2014, '计算机科学与技术(软件工程)', 2, 'e10adc3949ba59abbe56e057f20f883e', 0),
(1410501245, '曾宏远', '男', 2014, '计算机科学与技术(软件工程)', 2, 'e10adc3949ba59abbe56e057f20f883e', 0),
(1410501246, '廖煜炜', '男', 2014, '计算机科学与技术(软件工程)', 2, 'e10adc3949ba59abbe56e057f20f883e', 0),
(1410501247, '蒋浩华', '男', 2014, '计算机科学与技术(软件工程)', 2, 'e10adc3949ba59abbe56e057f20f883e', 0),
(1410501248, '汤养欢', '男', 2014, '计算机科学与技术(软件工程)', 2, 'e10adc3949ba59abbe56e057f20f883e', 0),
(1410501249, '王锋云', '男', 2014, '计算机科学与技术(软件工程)', 2, 'e10adc3949ba59abbe56e057f20f883e', 0),
(1410501250, '苟朝彬', '男', 2014, '计算机科学与技术(软件工程)', 2, 'e10adc3949ba59abbe56e057f20f883e', 0),
(1410501251, '荆川', '男', 2014, '计算机科学与技术(软件工程)', 2, 'e10adc3949ba59abbe56e057f20f883e', 0),
(1410501252, '邓先浩', '男', 2014, '计算机科学与技术(软件工程)', 2, 'e10adc3949ba59abbe56e057f20f883e', 0),
(1410501253, '谢吉栓', '男', 2014, '计算机科学与技术(软件工程)', 2, 'e10adc3949ba59abbe56e057f20f883e', 0),
(1410501254, '刘巧', '女', 2014, '计算机科学与技术(软件工程)', 2, 'e10adc3949ba59abbe56e057f20f883e', 0),
(1410501255, '曾兰', '女', 2014, '计算机科学与技术(软件工程)', 2, 'e10adc3949ba59abbe56e057f20f883e', 0),
(1410501256, '潘璨', '女', 2014, '计算机科学与技术(软件工程)', 2, 'e10adc3949ba59abbe56e057f20f883e', 0),
(1410501257, '王梦玲', '女', 2014, '计算机科学与技术(软件工程)', 2, 'e10adc3949ba59abbe56e057f20f883e', 0),
(1410501258, '易培培', '女', 2014, '计算机科学与技术(软件工程)', 2, 'e10adc3949ba59abbe56e057f20f883e', 0),
(1410501259, '杨菁菁', '女', 2014, '计算机科学与技术(软件工程)', 2, 'e10adc3949ba59abbe56e057f20f883e', 0),
(1410501260, '廖悦', '女', 2014, '计算机科学与技术(软件工程)', 2, 'e10adc3949ba59abbe56e057f20f883e', 0),
(1410501262, '全春燕', '女', 2014, '计算机科学与技术(软件工程)', 2, 'e10adc3949ba59abbe56e057f20f883e', 0),
(1410501263, '段月', '女', 2014, '计算机科学与技术(软件工程)', 2, 'e10adc3949ba59abbe56e057f20f883e', 0),
(1410501264, '魏娟', '女', 2014, '计算机科学与技术(软件工程)', 2, 'e10adc3949ba59abbe56e057f20f883e', 0),
(1410501265, '陆燕平', '女', 2014, '计算机科学与技术(软件工程)', 2, 'e10adc3949ba59abbe56e057f20f883e', 0),
(1410501266, '马玲', '女', 2014, '计算机科学与技术(软件工程)', 2, 'e10adc3949ba59abbe56e057f20f883e', 0),
(1410502124, '方湖彬', '男', 2015, '计算机科学与技术', 5, '54d736a02974a006b391bb5c65aaf6bb', 1),
(1510501101, '林永海', '男', 2015, '计算机科学与技术', 1, 'afafb9f6bc0f42252a5c55cf1817adc7', 1),
(1510501102, '周泓宇', '男', 2015, '计算机科学与技术', 1, 'fa2febd9af3086452b817f201b4e3b84', 1),
(1510501103, '陈婷', '女', 2015, '计算机科学与技术', 1, 'e83f14ee0c844521a722f7e027cefe1f', 1),
(1510501105, '魏涛', '男', 2015, '计算机科学与技术', 5, 'a7650d9eaf0f6eaf705c24667e5b9224', 1),
(1510501106, '余挺', '男', 2015, '计算机科学与技术', 1, '762b5048eff3d0c95f8f85b3fa1e95db', 1),
(1510501107, '田茂娜', '女', 2015, '计算机科学与技术', 1, '6db8fe907d5b60447c401757d7aacc5e', 1),
(1510501108, '石元鸿', '男', 2015, '计算机科学与技术', 5, '371b078ae782c530c637ec7ff6dd5b00', 1),
(1510501109, '张文静', '女', 2015, '计算机科学与技术', 5, '4fe4580192061faea121e84007d88d9c', 1),
(1510501110, '代立琴', '女', 2015, '计算机科学与技术', 5, 'a1d7514bcf0eddf18e3eaa72095b9a02', 1),
(1510501111, '李果', '男', 2015, '计算机科学与技术', 5, '22a0967e9804c2b3d7f0e2d66fb63c79', 1),
(1510501112, '龚芳蕾', '女', 2015, '计算机科学与技术', 1, 'bc2787b473002803be1536dbd17bea9e', 1),
(1510501113, '石巧雯', '女', 2015, '计算机科学与技术', 1, 'e8bfd4799371035b170418016bd16a76', 1),
(1510501114, '邓渝敏', '女', 2015, '计算机科学与技术', 5, 'da1cc199d06531f2ba3b7aa889169eef', 1),
(1510501115, '李浩', '男', 2015, '计算机科学与技术', 5, '56d05ffdbb5c088d84895609dc7a81e2', 1),
(1510501116, '龚晓晖', '男', 2015, '计算机科学与技术', 1, 'd7ec061944f13cb1fb8da76cf0cc1811', 1),
(1510501117, '唐强', '男', 2015, '计算机科学与技术', 5, '09b1866c3abc5c6cfbfc876454661ff4', 1),
(1510501118, '沈启', '男', 2015, '计算机科学与技术', 1, '44c26fae7bee78d2d14ed00f37dbe0ec', 1),
(1510501119, '陈滔', '男', 2015, '计算机科学与技术', 1, '99022d9d94ef091228a3607978061c10', 1),
(1510501120, '彭思源', '男', 2015, '计算机科学与技术', 1, '0b815bf658d46e42da7feb020098e3d2', 1),
(1510501121, '杨梦', '女', 2015, '计算机科学与技术', 1, '7b90536c8e255b77f9b79423e07a1fb2', 1),
(1510501122, '潘菊', '女', 2015, '计算机科学与技术', 1, '19ece486efabe1ffac3f132d3691a050', 1),
(1510501123, '盛健珂', '男', 2015, '计算机科学与技术', 1, '17841476830a050b17e03009b2afcaea', 1),
(1510501124, '赵卢清', '男', 2015, '计算机科学与技术', 1, '967122d64b834987c9f1845111d03fa8', 1),
(1510501125, '王月玉', '女', 2015, '计算机科学与技术', 1, 'e10adc3949ba59abbe56e057f20f883e', 0),
(1510501126, '陈丽莉', '女', 2015, '计算机科学与技术', 1, 'fab17c42ee45c9bab037d2dfea9733b9', 1),
(1510501127, '罗朝平', '男', 2015, '计算机科学与技术', 1, '25f9e794323b453885f5181f1b624d0b', 1),
(1510501128, '李双', '男', 2015, '计算机科学与技术', 1, '3cac99ccab9c064f5324c5baaedd8090', 1),
(1510501129, '唐妮', '女', 2015, '计算机科学与技术', 1, 'ffafa7d9b05118cd60c4bdfe01664c93', 1),
(1510501130, '谭波', '男', 2015, '计算机科学与技术', 1, '5e0f57c76a0f25e3be07263d18b36340', 1),
(1510501131, '张世林', '男', 2015, '计算机科学与技术', 1, '775e75772a4c7bdd839243b3b7d311e7', 1),
(1510501132, '柳姝羽', '女', 2015, '计算机科学与技术', 1, '9280d9544acc810285b4f5aabfcf70e3', 1),
(1510501133, '肖国树', '男', 2015, '计算机科学与技术', 1, '30ecf61056b4a8a60cf2b561e917126a', 1),
(1510501134, '杨书平', '男', 2015, '计算机科学与技术', 1, '34bafdd24e119b3fa1332fb1b8e60515', 1),
(1510501135, '田水龙', '男', 2015, '计算机科学与技术', 1, 'b48f72e189920942f1942559a5c247f4', 1),
(1510501136, '王旭', '男', 2015, '计算机科学与技术', 1, 'bda322d8c3c0bba8b398193b4cd6fee9', 1),
(1510501137, '赵航翊', '男', 2015, '计算机科学与技术', 1, 'd01ede555fe4a49d1fa88bd935eb252e', 1),
(1510501138, '朱玉坤', '男', 2015, '计算机科学与技术', 1, '5c20ddeaa886b2c8c2127f954cce3d8f', 1),
(1510501139, '葛浩', '男', 2015, '计算机科学与技术', 1, '5e9bc0d4983187b85bba508f84137f82', 1),
(1510501140, '刘念', '男', 2015, '计算机科学与技术', 1, '6b987cc8621d98b5a3a1017f88b4f01e', 1),
(1510501141, '颜彪', '男', 2015, '计算机科学与技术', 1, '6e0d32cbda0d51571c24fce641b3f8bd', 1),
(1510501142, '卢鑫', '男', 2015, '计算机科学与技术', 1, 'f92bd134b289752bef93c9f58929a18d', 1),
(1510501143, '丁怀兴', '男', 2015, '计算机科学与技术', 1, '6f243bb6c82299ed2c64fbf6784a6b6c', 1),
(1510501201, '柯金坤', '男', 2015, '计算机科学与技术', 2, '8f0953272dd45b65c43bcd360d4f1202', 1),
(1510501202, '龚建军', '男', 2015, '计算机科学与技术', 2, '7372b75c784b6a28010948d4925bd176', 1),
(1510501203, '吴金红', '男', 2015, '计算机科学与技术', 2, '6750b78f22b5d1a28fa919dd5d246718', 1),
(1510501204, '周洪宇', '男', 2015, '计算机科学与技术', 5, '7034c4b29cdddecc6fb8659f2a02923d', 1),
(1510501205, '邓凯戈', '男', 2015, '计算机科学与技术', 2, 'ea8bb8851ad457d6ecad40c61522d5f7', 1),
(1510501207, '朱锴', '男', 2015, '计算机科学与技术', 5, '25d55ad283aa400af464c76d713c07ad', 1),
(1510501208, '余相宏', '男', 2015, '计算机科学与技术', 2, '36671c842896b3a51cff0ff4c1d24ed6', 1),
(1510501209, '刘丽瑕', '女', 2015, '计算机科学与技术', 2, 'ab6a9de60e0d04ebbd998d714f4c8af7', 1),
(1510501211, '吴杰', '男', 2015, '计算机科学与技术', 2, 'ba35c57ec999a50c28c16a55903d4448', 1),
(1510501212, '周杰', '男', 2015, '计算机科学与技术', 2, '3c6197f370b73474c364de725d946aec', 1),
(1510501213, '张耀', '男', 2015, '计算机科学与技术', 2, '3fc6b221cc79d3e42b026a690b8568f1', 1),
(1510501214, '王超', '男', 2015, '计算机科学与技术', 5, '6ebefde300e256cb098cab46788d9d0f', 1),
(1510501215, '刘可馨', '女', 2015, '计算机科学与技术', 2, '6966e36b1352ead6570b2592df63d951', 1),
(1510501216, '石柳', '女', 2015, '计算机科学与技术', 2, '824e870b138ecc265a87a27e04101977', 1),
(1510501217, '杨洪', '女', 2015, '计算机科学与技术', 2, '264d0e94a094842803ba4066b9954d11', 1),
(1510501218, '杨帆', '男', 2015, '计算机科学与技术', 2, 'e08ea2468aee0c8de399503c317de4bf', 1),
(1510501219, '曾佳兴', '男', 2015, '计算机科学与技术', 2, '38b15d9027ab2d6f70609773f9f9537e', 1),
(1510501220, '谢芝鑫', '男', 2015, '计算机科学与技术', 2, 'e62d00d41ca38e7e71ec345e30b9255e', 1),
(1510501221, '郑露', '女', 2015, '计算机科学与技术', 2, 'ce6f7d28224cf081a66e13082504d515', 1),
(1510501222, '邹昱文', '男', 2015, '计算机科学与技术', 2, '47a66abdf63dad2ec385040d6a0b7af7', 1),
(1510501223, '皮川东', '男', 2015, '计算机科学与技术', 2, '79dfc5340f3d2b681096f90972ea4baf', 1),
(1510501224, '张浪', '男', 2015, '计算机科学与技术', 2, '9d0293652eab3d316c0be5c2a6b80479', 1),
(1510501225, '李玲琳', '女', 2015, '计算机科学与技术', 2, 'f74a9f25fd1130522daba43eac8290db', 1),
(1510501226, '黄钰杰', '女', 2015, '计算机科学与技术', 5, 'e788564354d5a7fcb2320bd8c3c5688e', 1),
(1510501227, '方毅立', '男', 2015, '计算机科学与技术', 5, 'e10adc3949ba59abbe56e057f20f883e', 0),
(1510501228, '张韦', '女', 2015, '计算机科学与技术', 5, 'e7d079335bf49ba5b8c8e15fd8a460c7', 1),
(1510501229, '杨凡', '女', 2015, '计算机科学与技术', 2, '5e7089475c05e9b615d69595bdbf4500', 1),
(1510501230, '王奎', '男', 2015, '计算机科学与技术', 2, '51b0a52cd0f683d901116870aa68dca9', 1),
(1510501231, '李成立', '男', 2015, '计算机科学与技术', 2, '0eb6349a6b3befe7c4e84887e825ae59', 1),
(1510501232, '黄庆蓉', '女', 2015, '计算机科学与技术', 2, '7347f76fe14b49960694b0cf7f88e29c', 1),
(1510501233, '向娇娇', '女', 2015, '计算机科学与技术', 2, 'ce98f27c96be43eef9f669a5cd2de13f', 1),
(1510501234, '李阳', '男', 2015, '计算机科学与技术', 2, '11758789ff5b5ae9d109d2006f1ad53d', 1),
(1510501235, '樊先敏', '女', 2015, '计算机科学与技术', 5, 'a96e7e62fe9c75152dfcc92cd08d8f2d', 1),
(1510501236, '谢守勇', '男', 2015, '计算机科学与技术', 2, '3ee010ef8706c9ea6a9600d85304e01d', 1),
(1510501237, '汪青建', '男', 2015, '计算机科学与技术', 2, '8b39ecfee653fb5ae367836bed419bcc', 1),
(1510501238, '谢成鹏', '男', 2015, '计算机科学与技术', 2, 'f6090ee2e17a9853ca1b1e2d560af94c', 1),
(1510501240, '王橹', '男', 2015, '计算机科学与技术', 2, 'c613778ece514cf66974109d3a5b7675', 1),
(1510501241, '杨乾忠', '男', 2015, '计算机科学与技术', 2, '189de1eb7227c01e785253fe141cb152', 1),
(1510501242, '甘雪梅', '女', 2015, '计算机科学与技术', 2, 'e5995d039218ca9b2d1acd230d19b2c3', 1),
(1510501243, '唐雨晨', '男', 2015, '计算机科学与技术', 2, 'cf7c4246f071d460d0a972ddfaa163bb', 1),
(1510501301, '王冬', '男', 2015, '计算机科学与技术', 3, 'c98f1fee3c65f14e18ae90da45b30567', 1),
(1510501302, '曾亚男', '女', 2015, '计算机科学与技术', 5, 'b633fc15dedb044176aaf2efe20ac75e', 1),
(1510501303, '江金玉', '女', 2015, '计算机科学与技术', 3, '9c6b77c1633c346e65b0364c7e13a377', 1),
(1510501305, '犹廷坤', '男', 2015, '计算机科学与技术', 3, '79ea978877c455ed0c45dce0ed7fb613', 1),
(1510501306, '黄沁怡', '女', 2015, '计算机科学与技术', 3, '1f232221b5874c2465fe9593798caedb', 1),
(1510501307, '郑琳', '女', 2015, '计算机科学与技术', 3, '05a0065f5cdb0e7410e3a746d99af7c9', 1),
(1510501308, '李克娅', '女', 2015, '计算机科学与技术', 5, '0cd31dd51c17bed029ed83ebef668fa3', 1),
(1510501309, '赵元兰', '女', 2015, '计算机科学与技术', 5, '5c963447b8118b2d15a75bd039aef794', 1),
(1510501310, '张永', '男', 2015, '计算机科学与技术', 5, 'da02b6aae1900fcb018f1a53179a9e1c', 1),
(1510501311, '杨佳鑫', '男', 2015, '计算机科学与技术', 3, '50db3a52de9aff485e3ff2f74908b044', 1),
(1510501312, '徐石柱', '男', 2015, '计算机科学与技术', 3, '164d9c21dbd9032581097d6e92e4a4f1', 1),
(1510501313, '段欢', '女', 2015, '计算机科学与技术', 5, '67cf87690f5bc7638d5705d353b9700a', 1),
(1510501314, '熊昭元', '男', 2015, '计算机科学与技术', 5, 'eafba44e947abb32e56384b556516b3f', 1),
(1510501315, '骆义', '男', 2015, '计算机科学与技术', 5, 'd2e6fb1c22da59492f0ded58b4f9c2de', 1),
(1510501316, '胡密然', '女', 2015, '计算机科学与技术', 3, '34d848f85d07999900217d7a7269c659', 1),
(1510501317, '李林春', '男', 2015, '计算机科学与技术', 3, 'd93efa2fcc73295927c15b065d0dd38f', 1),
(1510501318, '曾露', '女', 2015, '计算机科学与技术', 3, 'ef96655f303816181106d5b6a47e5cac', 1),
(1510501319, '陈方旭', '男', 2015, '计算机科学与技术', 3, 'a01c64d053ef17cc3bd1360db223907b', 1),
(1510501321, '吴承鹏', '男', 2015, '计算机科学与技术', 3, 'ea9d24569817a7bc78d08c511a9db530', 1),
(1510501322, '蔡丁', '男', 2015, '计算机科学与技术', 3, 'd1050b866db5f37451591a14ed966b6d', 1),
(1510501323, '张杰', '男', 2015, '计算机科学与技术', 3, 'fb7971a7ab51cf36d34205a3bcdc5b33', 1),
(1510501324, '李源', '男', 2015, '计算机科学与技术', 5, 'b74b24ba2e642708ebf16034d958bcaa', 1),
(1510501325, '覃小路', '女', 2015, '计算机科学与技术', 5, '736a073fceae466ef2522c00d9c3151e', 1),
(1510501326, '闫引民', '男', 2015, '计算机科学与技术', 3, 'a80f23b8e5e3f9e55b8f2f1455e886c1', 1),
(1510501327, '陈先柏', '男', 2015, '计算机科学与技术', 3, 'e7b7523f40ce282fb24a602890fd0ca9', 1),
(1510501328, '向宏杰', '男', 2015, '计算机科学与技术', 3, 'bdfaa9d9ab3416c70b275509f5d25029', 1),
(1510501329, '赵英杰', '男', 2015, '计算机科学与技术', 3, 'c3197e8214795b1f0280fd0509b18b07', 1),
(1510501330, '赵泽军', '男', 2015, '计算机科学与技术', 3, '6391cd5b2b639c0c35804007143c973f', 1),
(1510501331, '周伦', '男', 2015, '计算机科学与技术', 3, '6978c92c5de7e8c22f9a27a71ffed063', 1),
(1510501332, '杨华庆', '女', 2015, '计算机科学与技术', 3, 'e8c82d1b66c5833200d6ac5d33e5a50a', 1),
(1510501333, '袁秋菊', '女', 2015, '计算机科学与技术', 3, '101b174a77dd6227eb7cdfc0e4aa59ba', 1),
(1510501334, '刘柳', '男', 2015, '计算机科学与技术', 3, 'dec7667c584598dd00e997b5d429e4ab', 1),
(1510501335, '李偲', '女', 2015, '计算机科学与技术', 3, 'ecade1a801fb9d039439dbd3ed098b31', 1),
(1510501336, '谭定方', '男', 2015, '计算机科学与技术', 5, '6418cbffb02fa7df4923c25cd5b3dfbb', 1),
(1510501337, '张海峰', '男', 2015, '计算机科学与技术', 3, '54c2bf23b5553eb7823d0d490d278f75', 1),
(1510501339, '唐聪', '男', 2015, '计算机科学与技术', 3, 'c493fd81eac87df458cd5c86b35fcd5e', 1),
(1510501340, '邱世杰', '男', 2015, '计算机科学与技术', 3, '4167cdda2d386bde995b935cae7f4471', 1),
(1510501341, '潘小雨', '女', 2015, '计算机科学与技术', 3, 'cbe6764cc91b99ac5892dedd4cccb02e', 1),
(1510501342, '杨艳萍', '女', 2015, '计算机科学与技术', 3, '04992e8a557897b857eb00b1db0a9cc7', 1),
(1510501343, '潘薇羽', '女', 2015, '计算机科学与技术', 3, '1f6f2c9c81d9cbf5b24afe36bb6c3d19', 1),
(1510501401, '冯冠翔', '男', 2015, '计算机科学与技术', 4, '2d63274246a2f3eb5dd0ecbc2671ac3f', 1),
(1510501403, '文洪', '男', 2015, '计算机科学与技术', 4, '6f014627363a0cafea9d626d2f69435e', 1),
(1510501404, '鞠华银', '女', 2015, '计算机科学与技术', 4, '97880b10e5ea3c5c1309178fbba472d0', 1),
(1510501405, '周英豪', '男', 2015, '计算机科学与技术', 4, '6bb401b7598dca54653cdb63133bbf50', 1),
(1510501406, '陈洋', '男', 2015, '计算机科学与技术', 4, '7822bb16c8f288fbe2bbd4f273dd4272', 1),
(1510501407, '叶明臻', '男', 2015, '计算机科学与技术', 4, '68997b34d07d799aad1dea9535ea68dc', 1),
(1510501408, '曾宇航', '男', 2015, '计算机科学与技术', 4, 'c28f040661d397c01248221d6781a793', 1),
(1510501409, '李自越', '男', 2015, '计算机科学与技术', 4, '470b603f7a298316c587ca20a0da7987', 1),
(1510501410, '王川川', '男', 2015, '计算机科学与技术', 4, '495ebb4f3adde3df681d425faa09748f', 1),
(1510501411, '陈开福', '男', 2015, '计算机科学与技术', 4, '8fd8507a1cfe9a79da6051d29e04aa37', 1),
(1510501412, '王韬', '男', 2015, '计算机科学与技术', 4, '8ddcff3a80f4189ca1c9d4d902c3c909', 1),
(1510501413, '罗智超', '男', 2015, '计算机科学与技术', 4, '63b7effb657ec2cef648e225b9f61886', 1),
(1510501414, '张世鹏', '男', 2015, '计算机科学与技术', 4, 'f534d8e64d8192d1aaf95a02160b3509', 1),
(1510501415, '周阳', '男', 2015, '计算机科学与技术', 4, '9d26148b86567ca0305a5e473404a60f', 1),
(1510501416, '吴双', '男', 2015, '计算机科学与技术', 4, '3ea30e93ebf75a2e855f716dc00b8c84', 1),
(1510501417, '温红梅', '女', 2015, '计算机科学与技术', 4, '7f1103fb9971f73600eb6af05518ffbc', 1),
(1510501418, '刘百军', '男', 2015, '计算机科学与技术', 4, '4066f52e3cbd72572b29d6d7403df4d2', 1),
(1510501419, '梅针', '男', 2015, '计算机科学与技术', 4, 'a5e03446347006fbe280bd5b3c8b4c9b', 1),
(1510501420, '陈毅', '女', 2015, '计算机科学与技术', 4, '95184475309643177a5e3c3f215cf253', 1),
(1510501421, '赵锐琳', '女', 2015, '计算机科学与技术', 4, '95271f290f4d4ebb7d7287661540d79a', 1),
(1510501422, '何瑞', '女', 2015, '计算机科学与技术', 4, 'd7d8900d29aff5b7d1fb384473d6cc8a', 1),
(1510501424, '陈亚林', '女', 2015, '计算机科学与技术', 5, '77f42f34ce499e3b11359e39c51b29ae', 1),
(1510501425, '秦程', '男', 2015, '计算机科学与技术', 4, '9bc9e40e4fbd4f69b2ec2e533d543af6', 1),
(1510501426, '文介', '男', 2015, '计算机科学与技术', 4, '57bfc06fc228d910259a8e9b2b5359d6', 1),
(1510501427, '杨东尼', '男', 2015, '计算机科学与技术', 4, '4f0de609cf3b35634eb892eddbdbb2bf', 1),
(1510501428, '廖然', '女', 2015, '计算机科学与技术', 4, 'db350464b52d9642f1cc5170f170d6dc', 1),
(1510501429, '冯杰', '男', 2015, '计算机科学与技术', 4, '8ddcff3a80f4189ca1c9d4d902c3c909', 1),
(1510501430, '刘乔', '男', 2015, '计算机科学与技术', 4, '81ffcb39c993cc373c61164502d1f8e3', 1),
(1510501431, '刘建荣', '女', 2015, '计算机科学与技术', 4, '25d55ad283aa400af464c76d713c07ad', 1),
(1510501432, '沈聪', '男', 2015, '计算机科学与技术', 4, '8d00e74242cc96e6daa519997ad1924f', 1),
(1510501433, '付佳佳', '男', 2015, '计算机科学与技术', 4, '8ddcff3a80f4189ca1c9d4d902c3c909', 1),
(1510501435, '李华', '男', 2015, '计算机科学与技术', 4, '902eabf04bf0b20a96939aad35019894', 1),
(1510501437, '刘立', '男', 2015, '计算机科学与技术', 5, '04795112e54f63fb1a31f52c0ad4d4dc', 1),
(1510501438, '李纯林', '男', 2015, '计算机科学与技术', 4, '91197cfc6ada995014f13633ac2144e1', 1),
(1510501439, '唐境鸿', '女', 2015, '计算机科学与技术', 4, 'e0f35a18523ceb96dffd016e361eb0eb', 1),
(1510501440, '邓云松', '男', 2015, '计算机科学与技术', 4, '8ddcff3a80f4189ca1c9d4d902c3c909', 1),
(1510501441, '但文超', '男', 2015, '计算机科学与技术', 4, 'e402f08391b90b8ef9560b5ec7b1ec7e', 1),
(1510501442, '陈小琴', '女', 2015, '计算机科学与技术', 5, '6bd05f04f9d3fee014132758dcae7b6e', 1),
(1510501443, '但世豪', '男', 2015, '计算机科学与技术', 4, 'f186fd19e930b3fa835a81931c974b32', 1),
(1510501501, '李梅', '女', 2015, '计算机科学与技术', 1, 'ee31de1c09013b55c14b802f3e5404f3', 1),
(1510501502, '谢蕾', '女', 2015, '计算机科学与技术', 5, '9a27e293dc49de89eaafbc91717b1c1b', 1),
(1510501503, '彭子易', '男', 2015, '计算机科学与技术', 1, '3a20e4483f31847c7c1391b4a809e844', 1),
(1510501504, '孙倩倩', '女', 2015, '计算机科学与技术', 1, '6a9c4c2601309b20164052f9b183af02', 1),
(1510501505, '沈志龙', '男', 2015, '计算机科学与技术', 1, '2eb023ae1867f13d82c64af84127a3d7', 1),
(1510501507, '王艺瑾', '女', 2015, '计算机科学与技术', 1, '7cd964e4898581becfcaf5a7b940afd8', 1),
(1510501508, '张小龙', '男', 2015, '计算机科学与技术', 1, 'c529e70bea0dfe021d4913911e6e5917', 1),
(1510501509, '黄洪强', '男', 2015, '计算机科学与技术', 1, 'c096d3671f6843c67c5d84bbcc744887', 1),
(1510501510, '胡玲', '女', 2015, '计算机科学与技术', 1, 'fd305a67757ece7b5af8fae6885a5e7b', 1),
(1510501511, '冯杉', '女', 2015, '计算机科学与技术', 5, 'ea2b22c0cf0af13a17315b8dc76185a0', 1),
(1510501512, '彭雪梅', '女', 2015, '计算机科学与技术', 5, 'cc3d92f4752beb3ce6f0ca53d11350fa', 1),
(1510501513, '杨宇杰', '男', 2015, '计算机科学与技术', 1, '8941877b56e0242ebd1b2cce39fa0b6d', 1),
(1510501514, '刘爽', '男', 2015, '计算机科学与技术', 2, 'd567c678a1f013aae0aa06fd69b4bcbe', 1),
(1510501515, '桂之豪', '男', 2015, '计算机科学与技术', 2, 'ffe4ef13e5dbda625bffffeaa27cc7f3', 1),
(1510501516, '任春梅', '女', 2015, '计算机科学与技术', 2, 'ed5a5f069d5040faaac23d2ae1c28057', 1),
(1510501517, '邓天豪', '男', 2015, '计算机科学与技术', 5, '2b9b6b891f7180a7e0b4e68a7b5d9ab9', 1),
(1510501518, '黄欣', '女', 2015, '计算机科学与技术', 2, '2e9cf4a76c2a6f6742e12981431508e9', 1),
(1510501519, '张扬杰', '女', 2015, '计算机科学与技术', 2, '59d471e4d57b3166f4ee919f543806d0', 1),
(1510501520, '阳财婷', '女', 2015, '计算机科学与技术', 5, '786236e2436915fddafe614e271aa851', 1),
(1510501521, '陈杨', '男', 2015, '计算机科学与技术', 2, 'cc0bfa45329cb48f3f501b208cc52918', 1),
(1510501522, '李倩', '女', 2015, '计算机科学与技术', 2, '375c05534188117cce046853e2b75fab', 1),
(1510501523, '周铃淇', '男', 2015, '计算机科学与技术', 3, '814d43a02014d114202159b01ca28372', 1),
(1510501524, '余登吉', '男', 2015, '计算机科学与技术', 2, '7231dfa11a9ec27d69d143dc364455a9', 1),
(1510501525, '程圆婷', '女', 2015, '计算机科学与技术', 3, '28aa8defe865ee3d820fba0c96b181ad', 1),
(1510501526, '白鸿源', '男', 2015, '计算机科学与技术', 3, 'a8746743801cdd857d98df09602d2459', 1),
(1510501527, '唐洋', '男', 2015, '计算机科学与技术', 3, '1ffd95a361cbca528a12c901015b9c4f', 1),
(1510501528, '蒋青君', '女', 2015, '计算机科学与技术', 3, 'ad53efd1ea67698ff4fda9cecfca1cdd', 1),
(1510501529, '王杰', '男', 2015, '计算机科学与技术', 3, '625a0c9bc8d2f563e557d68430150a89', 1),
(1510501530, '谭章', '男', 2015, '计算机科学与技术', 3, '71cece8b2e817ec9040fff9cc7909089', 1),
(1510501531, '阎萤', '女', 2015, '计算机科学与技术', 3, '320fbcd618c17c26086e0391c9b4f59b', 1),
(1510501532, '彭霜', '女', 2015, '计算机科学与技术', 3, '07ca4fa0c85fa6ade06c7809adbbdfee', 1),
(1510501533, '刘聪', '男', 2015, '计算机科学与技术', 3, '06e5ae208c9882100d992fdf14cee5a1', 1),
(1510501534, '石荣康', '男', 2015, '计算机科学与技术', 5, 'be7f0abb04ed914a712b700ad1e8ee5a', 1),
(1510501535, '周彬', '男', 2015, '计算机科学与技术', 3, 'a083f9d540087b1812212d1053cb3024', 1),
(1510501536, '梁晶容', '女', 2015, '计算机科学与技术', 5, 'af16e7a5a21f5efe091011f51d875b9a', 1),
(1510501538, '邵建男', '女', 2015, '计算机科学与技术', 4, 'f4be0748f9b64ccfcbe7f528cc3316ac', 1),
(1510501539, '白梅', '女', 2015, '计算机科学与技术', 5, '034c50e58485fc83b3a14761e9228748', 1),
(1510501540, '郎雪梅', '女', 2015, '计算机科学与技术', 4, '40989c3977528126c6324264e9d3e8af', 1),
(1510501541, '张海宝', '男', 2015, '计算机科学与技术', 4, '8ddcff3a80f4189ca1c9d4d902c3c909', 1),
(1510501542, '程智', '男', 2015, '计算机科学与技术', 4, 'e403e229de1d8d6513b8219d1a621d55', 1),
(1510501543, '何杰', '男', 2015, '计算机科学与技术', 4, '57529752daa8d4c83c360cfae8153635', 1),
(1510501544, '夏南郡', '女', 2015, '计算机科学与技术', 4, 'a9f29de9677f2e57e54edd9b723c4d70', 1),
(1510502101, '刘凤', '女', 2015, '数学与应用数学', 1, '25d55ad283aa400af464c76d713c07ad', 1),
(1510502102, '朱世宁', '男', 2015, '数学与应用数学', 1, 'f12b7147fb3c3a61cdaa0d0271b1a1ed', 1),
(1510502103, '王汾湘', '女', 2015, '数学与应用数学', 1, '99f1c4a429e6aad28b2f2ed197bfc1bd', 1),
(1510502104, '杨策源', '男', 2015, '数学与应用数学', 1, 'fd63214bf940e8a76fec6d26e42fc225', 1),
(1510502105, '彭宇亭', '女', 2015, '数学与应用数学', 1, '371479abee1adba13760ef8a35824cdf', 1),
(1510502106, '王莹', '女', 2015, '数学与应用数学', 1, 'a683b618a740f1521b70823ec0935807', 1),
(1510502108, '连玉蝶', '女', 2015, '数学与应用数学', 1, 'f709beb2b5531753473d623dd8a0cc63', 1),
(1510502109, '杨敏', '女', 2015, '数学与应用数学', 1, 'f116d6c3adde7e408fc1ea1fb8d6436a', 1),
(1510502110, '吴仁昊', '男', 2015, '数学与应用数学', 1, '351888ec2300474b675c75b29f557445', 1),
(1510502111, '霍迎', '女', 2015, '数学与应用数学', 1, 'b1723fad2e0093a99bfb45e37058e554', 1),
(1510502112, '文静', '女', 2015, '数学与应用数学', 1, '4766cb229916c7842ebda4326449e8c5', 1),
(1510502113, '曹秀', '女', 2015, '数学与应用数学', 1, '075daa342c95ea0c1edb4b506e304322', 1),
(1510502114, '张娟', '女', 2015, '数学与应用数学', 1, '28bfb7a788532eb72ddcf75152b8eb8d', 1),
(1510502115, '陈谣', '男', 2015, '数学与应用数学', 1, '47c989f495a7a6c8671c48156c00f4b5', 1),
(1510502116, '王超', '男', 2015, '数学与应用数学', 1, '255eaaf2869b6c0dcc39f4ade2d14ee7', 1),
(1510502117, '刘维', '女', 2015, '数学与应用数学', 1, '1e167978b9f0310efc0b95dd980f9626', 1),
(1510502118, '伍义超', '男', 2015, '数学与应用数学', 1, '3b1d421f7e1ec2e4da378950407a54ed', 1),
(1510502119, '陈凯', '男', 2015, '数学与应用数学', 1, '67d2f819dbf8f206ee4db82f22e23190', 1),
(1510502120, '刘家瑜', '女', 2015, '数学与应用数学', 1, '25d55ad283aa400af464c76d713c07ad', 1),
(1510502121, '刘卓灵', '男', 2015, '数学与应用数学', 1, 'fbe0d9c66c177da4d91b149a5d59a1f9', 1),
(1510502123, '唐棠', '女', 2015, '数学与应用数学', 1, 'b1522b6655c12a7433435737b773c52b', 1),
(1510502124, '王爽', '女', 2015, '数学与应用数学', 1, '90b6ea5769dfe9366f797806a155591f', 1),
(1510502125, '杨洋', '男', 2015, '数学与应用数学', 1, '3ec3fab9470a9122dbb5edcff6b84795', 1),
(1510502126, '张晓婷', '女', 2015, '数学与应用数学', 1, '52906b8c50d1f44616ec4b0c155f4427', 1),
(1510502127, '田海月', '女', 2015, '数学与应用数学', 1, '19a9b1c8bc3010a41312e1c126363454', 1),
(1510502128, '邓德会', '女', 2015, '数学与应用数学', 1, 'ab35c42a5ee2566cebfcda52b16556cc', 1),
(1510502130, '黄宏华', '男', 2015, '数学与应用数学', 1, 'd29f90b2ed4bcff26f91a496165bb497', 1),
(1510502131, '郭欣', '女', 2015, '数学与应用数学', 1, 'bdaaf242275cdf057234a670d528c126', 1),
(1510502132, '杨运霞', '女', 2015, '数学与应用数学', 1, 'e426dc2e32c8c38ec8409bbbb45eb50c', 1),
(1510502133, '陈婷婷', '女', 2015, '数学与应用数学', 1, '53c8923c43cfb4bbb539c5cdce05037d', 1),
(1510502134, '王杰', '男', 2015, '数学与应用数学', 1, 'd05799c2ae4994ff0623b40c9c97e50c', 1),
(1510502135, '任桂丞', '男', 2015, '数学与应用数学', 1, '03029ec2a738c6da948b19524f0490f0', 1),
(1510502136, '王枫元', '女', 2015, '数学与应用数学', 1, '8de7785f54fe9fdf18d90b69c2c595c2', 1),
(1510502137, '余金容', '女', 2015, '数学与应用数学', 1, '5ad81b342b7e6932fb03509720e0fd12', 1),
(1510502138, '汪原禾', '男', 2015, '数学与应用数学', 1, '5693c401718c09294ac2603c16292f7b', 1),
(1510502139, '张运红', '女', 2015, '数学与应用数学', 1, '6e74b8684acbbb149f46f8eb9d2de25e', 1),
(1510502140, '罗林红', '女', 2015, '数学与应用数学', 1, '62714ade1ce5975af006e091a1f2af73', 1),
(1510502141, '任雪松', '男', 2015, '数学与应用数学', 1, 'c4c372966851bf4b21b7982028cac29b', 1),
(1510502142, '吴淑丽', '女', 2015, '数学与应用数学', 1, '2371223fc7402d64facd7093c5beddcf', 1),
(1510502143, '黎陈', '女', 2015, '数学与应用数学', 1, '83be54527b5fc1dbbe7500fcf6591634', 1),
(1510502144, '李娇', '女', 2015, '数学与应用数学', 1, 'd69548c47c8fc21852451f7b26f7f0ce', 1),
(1510502145, '倪星星', '女', 2015, '数学与应用数学', 1, '0b91c4a36893aa642189e472a99918ff', 1),
(1510502146, '陈方进', '女', 2015, '数学与应用数学', 1, '55c2b203f344dc360644508afdc803e2', 1),
(1510502147, '伍苗', '女', 2015, '数学与应用数学', 1, '45a9c0b9efc1523456dd4d00cdb172b6', 1),
(1510502148, '唐晶晶', '女', 2015, '数学与应用数学', 1, '7f37da2b7ac2a649bc8b8e63f4b1a670', 1),
(1510502149, '桂治泽', '男', 2015, '数学与应用数学', 1, '0b4b30ebb1a882cd5034af126b62c078', 1),
(1510502150, '李石王漫', '女', 2015, '数学与应用数学', 1, '4b3bfd58276a2170ff061c59b180c915', 1),
(1510502151, '成红燕', '女', 2015, '数学与应用数学', 1, '7dc309b6d1473a765a9a2e4ffa03a9e9', 1),
(1510502152, '成义', '女', 2015, '数学与应用数学', 1, '02ebe9336378a0ca922f4aedbd480f7d', 1),
(1510502153, '董刚强', '男', 2015, '数学与应用数学', 1, '4f509fb6b765ad3aaa234cd3b5400196', 1),
(1510502154, '王海英', '女', 2015, '数学与应用数学', 1, 'ce5b83222116ab0afaf2fd2d4c904d11', 1),
(1510502156, '刘鹏', '男', 2015, '数学与应用数学', 1, 'aee7b4641d47470196d6e83e4b252503', 1),
(1510502157, '刘孝林', '男', 2015, '数学与应用数学', 1, '0c62bb650a5b0c490b47e621e249cf18', 1),
(1510502158, '蒋德权', '男', 2015, '数学与应用数学', 1, 'fab37ac98b7d46636a6c8547fce5aef4', 1),
(1510502159, '陈鹏', '男', 2015, '数学与应用数学', 1, '322eb36fb74a0b68f58ad6398df69129', 1),
(1510502160, '何宇', '女', 2015, '数学与应用数学', 1, '667b722dd34b19dcabad16629de2161b', 1),
(1510502161, '宋永梅', '女', 2015, '数学与应用数学', 1, 'e07a1fa8ce019be6fb6917690ec135d1', 1),
(1510502162, '杨林虎', '男', 2015, '数学与应用数学', 1, '5c39c6a4031adaa1e741e90277f8fc50', 1),
(1510502163, '黄凌云', '男', 2015, '数学与应用数学', 1, '56210b63cd27ee8a54ebc1bde7ea5d55', 1),
(1510502164, '杨浩', '男', 2015, '数学与应用数学', 1, '8a85b2c7fa9d9762e4d0b8ed41529c53', 1),
(1510502165, '李磊', '男', 2015, '数学与应用数学', 1, '559b3d2ceccf6f2d494e13ed95eb41cc', 1),
(1510502166, '曾铭', '男', 2015, '数学与应用数学', 1, 'ceb5f661a54e8432909384906c323385', 1),
(1510502167, '谭单丹', '女', 2015, '数学与应用数学', 1, '25cc54ad066e683a06f9e1787f16c5eb', 1),
(1510502168, '向咪', '女', 2015, '数学与应用数学', 1, 'cc5c8b204f926a00f83f465f16404049', 1),
(1510502169, '张宗林', '男', 2015, '数学与应用数学', 1, '4f7d3b87b5b1b5da569ffcc80c9c7878', 1),
(1510502170, '王郑巧', '女', 2015, '数学与应用数学', 1, '6a62ace8276d3a295d9e8ce68a4c207c', 1),
(1510502171, '宋小萍', '女', 2015, '数学与应用数学', 1, '5d45e6fe6be5f6f1cbf91ee80c4f9bc4', 1),
(1510502172, '王佳琳', '女', 2015, '数学与应用数学', 1, 'd4d60e6d943daf5752a7687f9d0daac6', 1),
(1510502173, '谭浩', '男', 2015, '数学与应用数学', 1, '169f40e6a2d05ef258970db3eab53cd8', 1),
(1510502174, '冯芩椿', '女', 2015, '数学与应用数学', 1, '746553c187804e7a4af7970f2fc3f1ba', 1),
(1510502175, '李涛', '男', 2015, '数学与应用数学', 1, '3bdd188c11b592af52d1095abecff373', 1),
(1510502176, '罗小琳', '女', 2015, '数学与应用数学', 1, 'ecdabf3fb66c7fbb9ab0ccc5aa2d6e61', 1),
(1510502177, '汪欣艳', '女', 2015, '数学与应用数学', 1, '8009cf1acdd2dbff8aeb05a8a16327a0', 1),
(1510502178, '龙燕', '女', 2015, '数学与应用数学', 1, '2ebcee5c1b9d92665875749a1eb2c845', 1),
(1510502179, '贾旋', '女', 2015, '数学与应用数学', 1, '5154caba4677677494c7bc9df0209627', 1),
(1510502201, '石睿', '男', 2015, '数学与应用数学', 2, '7afea67e7a973ce4a811760b88b538a7', 1),
(1510502202, '刘双志', '男', 2015, '数学与应用数学', 2, '0b4157aaab86d169fd405f55662722ed', 1),
(1510502204, '谢莹莹', '女', 2015, '数学与应用数学', 2, '2c41b517560747dcdce3009742d91407', 1),
(1510502205, '张镭', '女', 2015, '数学与应用数学', 2, '3b698546d5a1367ad2ef79453a0625aa', 1),
(1510502206, '任源媛', '女', 2015, '数学与应用数学', 2, '78d347e8f53bd82205a79458818efda8', 1),
(1510502207, '夏梦婷', '女', 2015, '数学与应用数学', 2, 'e733d429f93ac5f47f5f63faca4ed251', 1),
(1510502208, '王萍', '女', 2015, '数学与应用数学', 2, 'b18ac29c5d7f3db543b40a0d8fd80ad8', 1),
(1510502209, '彭孝', '男', 2015, '数学与应用数学', 2, '491a0d54e9e553271ab3ae11bdfe2f49', 1),
(1510502210, '刘智丽', '女', 2015, '数学与应用数学', 2, 'b328198046709738c6c994b205a38a65', 1),
(1510502211, '张聂', '女', 2015, '数学与应用数学', 2, '47325df907443c78d545736f2b990329', 1),
(1510502212, '朱成颖', '女', 2015, '数学与应用数学', 2, 'f338d69330071ebaf3cb9ed7cf4acbdf', 1),
(1510502214, '赵丹', '女', 2015, '数学与应用数学', 2, 'c837ec34be15d02532db381e636347ea', 1),
(1510502215, '蔡腊梅', '女', 2015, '数学与应用数学', 2, 'b2702ad561d7f4a2ad342484d99b40bf', 1),
(1510502216, '张盈盈', '女', 2015, '数学与应用数学', 2, '432a123207ede3e4ea1110c9a3d78630', 1),
(1510502217, '张奔', '女', 2015, '数学与应用数学', 2, 'cbe70443ff8cda3f767d7a3a64935f4d', 1),
(1510502218, '张萍', '女', 2015, '数学与应用数学', 2, 'fab50c6b40be1a7dc7179051eadd4234', 1),
(1510502219, '雷无霜', '女', 2015, '数学与应用数学', 2, '8ddcff3a80f4189ca1c9d4d902c3c909', 1),
(1510502220, '秦雯', '女', 2015, '数学与应用数学', 2, '2a9afebba349df92ba10d897ed1d03ca', 1),
(1510502222, '陈洪涛', '男', 2015, '数学与应用数学', 2, 'a24d8c2ded68f8edd7b2ba8270974988', 1),
(1510502223, '陈露', '女', 2015, '数学与应用数学', 2, 'ba003d351c17bf0652cd16fa2552e706', 1),
(1510502224, '张珣', '男', 2015, '数学与应用数学', 2, '421608929ce1699f502d0b2270985614', 1),
(1510502225, '喻洁', '女', 2015, '数学与应用数学', 2, '1486f137838c5dabd774066012d0e27c', 1),
(1510502226, '陈茂林', '男', 2015, '数学与应用数学', 2, '86180adfbb8aa3d9893ee90e28fa0758', 1),
(1510502227, '高玉梅', '女', 2015, '数学与应用数学', 2, '25d55ad283aa400af464c76d713c07ad', 1),
(1510502228, '钟海夫', '男', 2015, '数学与应用数学', 2, '9f6a679e34e4ecbbfdabfc09b57167cd', 1),
(1510502229, '蒋蕾', '女', 2015, '数学与应用数学', 2, 'a0e23b2faa951cb01d93401518d51e70', 1),
(1510502230, '曹劲波', '男', 2015, '数学与应用数学', 2, '7b695225982a072a6e1ecf8f49780f8e', 1),
(1510502231, '张楠', '女', 2015, '数学与应用数学', 2, 'e748e16502a867e881f8aafa0d86c10f', 1),
(1510502232, '张文静', '女', 2015, '数学与应用数学', 2, '74047fed2956d63f16d70bfb62961bd3', 1),
(1510502233, '熊鸿鑫', '男', 2015, '数学与应用数学', 2, 'fd1e890dd393ef1b66e04bd60cd03074', 1),
(1510502234, '尹恒', '男', 2015, '数学与应用数学', 2, '416bb6223c4e855fac71cc00994ebf0d', 1),
(1510502235, '夏华键', '女', 2015, '数学与应用数学', 2, '1196753263b7758126056683775a2998', 1),
(1510502236, '卢艳', '女', 2015, '数学与应用数学', 2, '02529e3ccaad26f84080e4d0119a138b', 1),
(1510502237, '张倚昊', '女', 2015, '数学与应用数学', 2, '4c67c0fd8e4990931d6335165d6b81e8', 1),
(1510502238, '唐建飞', '女', 2015, '数学与应用数学', 2, 'b33efda873385708739a0f579f3885e4', 1),
(1510502239, '周婷', '女', 2015, '数学与应用数学', 2, '9eb0c676f03b8d6aad0da6855b6d2495', 1),
(1510502240, '甘子炀', '男', 2015, '数学与应用数学', 2, 'da6dabc57e83e1bad6c89828b1b57626', 1),
(1510502241, '陈光炼', '男', 2015, '数学与应用数学', 2, 'a4916cdb582f0246516adf8e69cf3d64', 1),
(1510502242, '秦汉卿', '女', 2015, '数学与应用数学', 2, '53b54ae15677d0f14bb2ccadf373c5e5', 1),
(1510502243, '黄蕾', '男', 2015, '数学与应用数学', 2, '0685bd0f45b87804499da3a4d66f17db', 1),
(1510502244, '谢小玲', '女', 2015, '数学与应用数学', 2, '01b4ab83ee4b2d01289903456ea4eb53', 1),
(1510502245, '谭玉辉', '女', 2015, '数学与应用数学', 2, '3abc482ec162dbc83ee8b9fc0131689d', 1),
(1510502246, '谭湘', '女', 2015, '数学与应用数学', 2, '2c4837bdf1bc484efa9fbc5d3d44eaa3', 1),
(1510502247, '田畅', '女', 2015, '数学与应用数学', 2, '25d55ad283aa400af464c76d713c07ad', 1),
(1510502248, '谭鑫', '男', 2015, '数学与应用数学', 2, '50f9fc277c65a27287d53f27a084855b', 1),
(1510502249, '唐永辉', '男', 2015, '数学与应用数学', 2, 'a1846e95231b0f0e6c6922af23ec1e62', 1),
(1510502250, '姜洪', '男', 2015, '数学与应用数学', 2, 'fce4fc78d2ad64e4254409d963d51baa', 1),
(1510502251, '杨潇', '女', 2015, '数学与应用数学', 2, '39af0798faa8fd5e2a604c5f0a49ce37', 1),
(1510502252, '张林鹰', '女', 2015, '数学与应用数学', 2, '4f07d5319deb5c1095c4d66f9ff94930', 1),
(1510502253, '王海涛', '男', 2015, '数学与应用数学', 2, 'd737c6d14adcab928b18127fd471be47', 1),
(1510502254, '田兴', '男', 2015, '数学与应用数学', 2, '5131ea36c241b960cc38e44cd9ec8060', 1),
(1510502255, '张春林', '男', 2015, '数学与应用数学', 2, '636e7a18f9c3f7b375805570ae3557a1', 1),
(1510502256, '郭官运', '男', 2015, '数学与应用数学', 2, 'e6d0c0e0682205762a7f1b25a8fddb62', 1),
(1510502257, '尹星', '女', 2015, '数学与应用数学', 2, '25d55ad283aa400af464c76d713c07ad', 1),
(1510502258, '李名基', '男', 2015, '数学与应用数学', 2, '29bb5a5fe2046520578bbb26ae01a42b', 1),
(1510502259, '余安龙', '男', 2015, '数学与应用数学', 2, '1e91865e8bf4c5727dfc66304abcb16f', 1),
(1510502260, '胡永丽', '女', 2015, '数学与应用数学', 2, '102a5d78e1f9bf1ac38c35d385c38e60', 1),
(1510502261, '贺茂凇', '男', 2015, '数学与应用数学', 2, 'a983536cb136c20b7949030e0a21f61a', 1),
(1510502263, '童朝飞', '男', 2015, '数学与应用数学', 2, '5c48dd565bece342cab47143b186072d', 1),
(1510502264, '龚淋', '男', 2015, '数学与应用数学', 2, '869dd639a11de83e5f6de5da6660ead3', 1),
(1510502265, '马娅', '女', 2015, '数学与应用数学', 2, '9fb5bc29fb62bef6f08e977acea7f2f6', 1),
(1510502266, '唐世华', '男', 2015, '数学与应用数学', 2, '49f102e030128ff879fbcbb36f873574', 1),
(1510502267, '余堰洪', '女', 2015, '数学与应用数学', 2, '25f9e794323b453885f5181f1b624d0b', 1),
(1510502268, '罗仕方', '男', 2015, '数学与应用数学', 2, '0db25e1a6e0cb3f7dc38624ba24c70d5', 1),
(1510502269, '朱玉娥', '女', 2015, '数学与应用数学', 2, 'b12af786d48be89cc6b691aedd3ab757', 1),
(1510502270, '陈艳林', '女', 2015, '数学与应用数学', 2, 'cf81bdaa4679033e80298c6bb4bebe71', 1),
(1510502271, '刘韬', '男', 2015, '数学与应用数学', 2, '1ee09f890ea96b8f4696cd70721a978d', 1),
(1510502272, '罗林', '男', 2015, '数学与应用数学', 2, 'fe826ab243bf80559c30f6dd11dd43ac', 1),
(1510502273, '程聪', '女', 2015, '数学与应用数学', 2, '6fb42da0e32e07b61c9f0251fe627a9c', 1),
(1510502274, '刘欢', '女', 2015, '数学与应用数学', 2, '509bcf5ac57e8ca1f3133396da35020b', 1),
(1510502275, '谭勇', '男', 2015, '数学与应用数学', 2, '6ee88bdfed6b4b2f9a0046ad543825cb', 1),
(1510502276, '陈俊霖', '女', 2015, '数学与应用数学', 2, '14141ab8df8f791b1625b07466c00787', 1),
(1510502277, '唐果', '男', 2015, '数学与应用数学', 2, '33a36beb7d1026ee8b84420682e8b3d1', 1),
(1510502278, '班舒舒', '女', 2015, '数学与应用数学', 2, 'e807f1fcf82d132f9bb018ca6738a19f', 1),
(1510502279, '吴昌勇', '男', 2015, '数学与应用数学', 2, '8f9084ad88ca40b39f2d47931336d1da', 1),
(1510502280, '陈其萍', '女', 2015, '数学与应用数学', 2, '25d55ad283aa400af464c76d713c07ad', 1),
(1510503101, '李芷薇', '女', 2015, '物联网工程', 1, 'a7d232b6a8cad21018963239d85110e9', 1),
(1510503102, '杭瑞山', '男', 2015, '物联网工程', 1, 'c4b2562dd6f9c7c8db3220bf04b9c8ae', 1),
(1510503103, '张桢', '男', 2015, '物联网工程', 1, '2dcb43458e099fee0905092c8dfaf1df', 1),
(1510503104, '范鑫智', '男', 2015, '物联网工程', 1, '0062d21c1a97acad0fff653df56849b2', 1),
(1510503105, '李昶谕', '男', 2015, '物联网工程', 1, 'a17e33f8c067f8fadb15c633ef2d8b40', 1),
(1510503106, '彭博韬', '男', 2015, '物联网工程', 1, '9fd9a2e54fc1ad2fbb52d931437bc78d', 1),
(1510503108, '冯鑫', '男', 2015, '物联网工程', 3, 'c1cf5c24f228eac5c03f47cef8566d42', 1),
(1510503109, '黄秋艳', '女', 2015, '物联网工程', 1, 'f5f3abd00b9140ec397a0fdd9fd881aa', 1),
(1510503110, '周天权', '男', 2015, '物联网工程', 3, '70c7cadda308367384fc139a6880da5a', 1),
(1510503111, '吴乐', '男', 2015, '物联网工程', 1, '80f89f53cc15ccfd1e07990da0ed6793', 1),
(1510503112, '何旭', '男', 2015, '物联网工程', 3, 'ac25adac014e01392cb1972566318ffe', 1),
(1510503113, '陈必浩', '男', 2015, '物联网工程', 1, '516eb17d72fda110c6ecd326adb956c9', 1),
(1510503114, '陈林', '男', 2015, '物联网工程', 1, 'd935fa30d1a2314d0d021c9b0df89623', 1),
(1510503115, '廖宏程', '男', 2015, '物联网工程', 1, '0659c7992e268962384eb17fafe88364', 1),
(1510503116, '吴俊豪', '男', 2015, '物联网工程', 1, 'a7c542a82a5909f152ad50d5ca8a09b8', 1),
(1510503117, '邓力川', '男', 2015, '物联网工程', 1, 'db87fc12f61b65953d36a4e4eb7316fd', 1),
(1510503118, '黄豪杰', '男', 2015, '物联网工程', 1, 'e1663a090015aa7204a982383ac4ebd3', 1),
(1510503119, '晏思颖', '女', 2015, '物联网工程', 1, '1f9ee08b8cfa88096983411ba7f47aae', 1),
(1510503120, '来立', '男', 2015, '物联网工程', 3, '0e8a2e56524e0569a2ae6dee376cd304', 1),
(1510503122, '穆壹澜', '女', 2015, '物联网工程', 1, '1062021e8044fb551352f93a02830b55', 1),
(1510503123, '陈霜', '女', 2015, '物联网工程', 1, '6a08b472985c2ea61ddb9cadaa370e82', 1),
(1510503124, '刘军', '男', 2015, '物联网工程', 1, '19b4f92db2f1c7efe6481d7955641b4e', 1),
(1510503125, '禹栋', '男', 2015, '物联网工程', 1, '25b565c67c4c018301e53b0321fc0245', 1),
(1510503126, '向莎', '女', 2015, '物联网工程', 1, '19464206a7252f8ed20ac4ed456783a1', 1),
(1510503127, '胡建巍', '男', 2015, '物联网工程', 3, '25d55ad283aa400af464c76d713c07ad', 1),
(1510503128, '张鹏', '男', 2015, '物联网工程', 3, '96f0a81e13b6d23ecaa4a1db8322a28b', 1),
(1510503130, '陈红', '男', 2015, '物联网工程', 3, '5ceb419aac9e39f3567974cf1be47856', 1),
(1510503131, '何顺召', '男', 2015, '物联网工程', 3, '34e5699e994b6449605279dbdd3b058c', 1),
(1510503132, '万迎春', '男', 2015, '物联网工程', 1, 'f81474b7c5a3162d66b7021c15efe626', 1),
(1510503133, '张丹', '男', 2015, '物联网工程', 1, 'e535f2a20c99e4df6d4e82446cacd2d7', 1),
(1510503134, '李莹', '女', 2015, '物联网工程', 1, 'c8e506314dc34e5f1073840f50f5a80f', 1),
(1510503135, '刘照兵', '男', 2015, '物联网工程', 1, 'bb75abe7e7402cc7a5f2330cab1ca8a8', 1),
(1510503136, '张龙', '男', 2015, '物联网工程', 1, 'eaa533e11ddbee5f3b2ddebf1b5ebc10', 1),
(1510503137, '唐成双', '女', 2015, '物联网工程', 3, '1b1823d8d5768bc8a61ce14a53243fe5', 1),
(1510503139, '白晓蓉', '女', 2015, '物联网工程', 3, '24b7bb806b8254eedef81367e9c24935', 1),
(1510503140, '侯爽', '男', 2015, '物联网工程', 1, '6d6b46388aa795f24f6ef6b7c776e5a5', 1),
(1510503141, '李解', '男', 2015, '物联网工程', 3, '10cb17e8350f8db6d06f2f1ee893a324', 1),
(1510503142, '付世平', '女', 2015, '物联网工程', 1, '195608427c9b5c622d1aabd96826fe5a', 1),
(1510503143, '张福川', '男', 2015, '物联网工程', 1, 'd1a715af5e6bd362a3240b1fffd951ba', 1),
(1510503144, '赵楚', '男', 2015, '物联网工程', 1, 'd593fe331aa761c096dae8e80ab419dc', 1),
(1510503145, '唐娇', '女', 2015, '物联网工程', 1, '620edbfd4d7e36676a7d8518dccd4fa9', 1),
(1510503201, '黄腾飞', '男', 2015, '物联网工程', 2, 'b9decd35b549b9cf8aedb2fc554ab719', 1),
(1510503202, '韩宗林', '男', 2015, '物联网工程', 2, '24e916d7ffdf902a3b63e4144df68958', 1),
(1510503203, '岳晨', '女', 2015, '物联网工程', 2, '51d90900467923c2c9b3b75e3c554325', 1),
(1510503204, '邝文婷', '女', 2015, '物联网工程', 2, '95637d9c584084d1b799e48ff6ccbb80', 1),
(1510503205, '任周国', '男', 2015, '物联网工程', 2, 'f67c32213bee43c00e394b77325f8f0a', 1),
(1510503206, '方顺', '男', 2015, '物联网工程', 2, '4f922c1ecb74952c99e23f45f521ab01', 1),
(1510503207, '李柏翰', '男', 2015, '物联网工程', 2, '8038fc3d9047499b5f6d116e3b3b9225', 1),
(1510503208, '吴坤', '男', 2015, '物联网工程', 3, 'bc46e7b6089f343f08b84b2f41aa4345', 1),
(1510503209, '杨康', '男', 2015, '物联网工程', 2, '96ce1d30c1a764990a881fe1d84e8695', 1),
(1510503210, '章坤', '男', 2015, '物联网工程', 2, '97ca69c9d0d3635cc635d62318b1a78c', 1),
(1510503211, '陈紫桥', '男', 2015, '物联网工程', 2, 'b0739e4f19cfb2d2bef68ff535c5b332', 1),
(1510503212, '付钟茜', '女', 2015, '物联网工程', 2, '335613cc94a36731881f58de2a3c2a35', 1),
(1510503213, '任理', '男', 2015, '物联网工程', 3, 'aadb46efe4d10d4a6ef91c3fc8000a5f', 1),
(1510503214, '胡文强', '男', 2015, '物联网工程', 3, '468614521ccd6765aacf4bbdf8b2bc94', 1),
(1510503215, '汪琪', '女', 2015, '物联网工程', 2, '834915e9df5477390db927da1c189f5d', 1),
(1510503216, '刘程', '男', 2015, '物联网工程', 2, 'dc62a7c54a7346c93f0cd9bc7024957f', 1),
(1510503217, '李青青', '女', 2015, '物联网工程', 2, '7f58e072ccb2e01d1b174b0005377b8d', 1),
(1510503218, '王端', '男', 2015, '物联网工程', 2, '9f608aaed334be3b7c0cc481b86458ad', 1),
(1510503219, '刘佳薇', '女', 2015, '物联网工程', 3, 'a7c7f1c7c7adba2f29e8960a5c9e2d18', 1),
(1510503220, '胡鑫', '男', 2015, '物联网工程', 2, '2def8e2699e2f1571b37c33cdb5021a5', 1),
(1510503221, '唐鹏', '男', 2015, '物联网工程', 2, '2177622a7c06dcd844db148ec440d8e4', 1),
(1510503222, '陈阳', '男', 2015, '物联网工程', 2, '7b80e8170da1055aa8c16db5e39f8bd2', 1),
(1510503223, '兰望', '男', 2015, '物联网工程', 2, '57d2bf59f0181e9c1dde780d391f8da0', 1),
(1510503224, '郑宇帆', '男', 2015, '物联网工程', 2, '3c89112415ea116a084380e1cab42f67', 1),
(1510503225, '陈小英', '女', 2015, '物联网工程', 3, 'cb8fa23cfcabedf85f81d02b84f3e86a', 1),
(1510503226, '唐银苹', '男', 2015, '物联网工程', 3, 'b7ce603d73c161699c501e296aa3e087', 1),
(1510503227, '刘霞', '女', 2015, '物联网工程', 3, '25d55ad283aa400af464c76d713c07ad', 1),
(1510503228, '申单凤', '女', 2015, '物联网工程', 3, '9666fe22c944dd42ad8700ffdee06ebe', 1),
(1510503229, '钟原', '男', 2015, '物联网工程', 2, 'bef82a1958e403993c6b03be52c72f38', 1),
(1510503230, '夏春秋', '男', 2015, '物联网工程', 2, 'a6be60d90b509d731d900a569bcbb2a3', 1),
(1510503231, '杨代胜', '男', 2015, '物联网工程', 2, '95e75b443714ed32f105a5b84ecdc71c', 1),
(1510503232, '王宝', '男', 2015, '物联网工程', 2, 'c9d736752d4d36cd3be7f59c7c621349', 1),
(1510503233, '毛鳗翎', '女', 2015, '物联网工程', 2, '1084583b1d4b5b71b923b6a19d15ca6c', 1),
(1510503234, '李美宁', '男', 2015, '物联网工程', 3, 'a60005f59a060fa0ac369dafda618c24', 1),
(1510503235, '王焰', '男', 2015, '物联网工程', 2, '8e6fa8b5615c48af1e2d58c63d337cae', 1),
(1510503236, '鲍承志', '男', 2015, '物联网工程', 2, 'ae99cb56551b73b235910cf8932c1ced', 1),
(1510503237, '尚伟', '男', 2015, '物联网工程', 3, '2379fe7d55d44265840e452683584741', 1),
(1510503238, '谭余成', '男', 2015, '物联网工程', 3, '0b7c8e90fe536b7026a95b0655d17cba', 1),
(1510503239, '喻克松', '男', 2015, '物联网工程', 2, '1529bad05221c73f7a2ad3094f5ee804', 1),
(1510503240, '秦岑英', '女', 2015, '物联网工程', 3, '412a94c87ff166fb9330da7eb2653471', 1),
(1510503241, '张仕伟', '男', 2015, '物联网工程', 2, 'c28c6c084f55443d9b20a4e99ceb5274', 1),
(1510503242, '张杨奎', '男', 2015, '物联网工程', 2, '4a1bf82eb09c071474c2cce1962b35a9', 1),
(1510503243, '邓蔚', '男', 2015, '物联网工程', 2, '6b0b59ddada13912afcef8e87721424d', 1),
(1510503244, '朱良雄', '男', 2015, '物联网工程', 2, 'cad0023c98ab6382d6ba407202530774', 1),
(1510503301, '陈璐', '女', 2015, '物联网工程', 1, 'd80a428a8a6c8cef6878043a26fd3507', 1),
(1510503302, '谭力文', '男', 2015, '物联网工程', 1, 'f23d40e9c3957f30eaf300d1175c18e3', 1),
(1510503303, '张平安', '男', 2015, '物联网工程', 1, '066f7ffc9c1c7b6447a694d29f481efa', 1),
(1510503304, '胡颖', '女', 2015, '物联网工程', 1, '9c01aec88a46084e19bf4383f0ce69a8', 1),
(1510503305, '许晏铭', '男', 2015, '物联网工程', 1, 'b50af6f6872ab45324b7ab8ae33e04f9', 1),
(1510503306, '谢渝', '男', 2015, '物联网工程', 1, 'c7041ca54c61c9799da39f4b3f617cea', 1),
(1510503307, '甘艺', '男', 2015, '物联网工程', 1, 'f7531425bd38c1f66465a870581eb921', 1),
(1510503308, '熊丹', '女', 2015, '物联网工程', 1, 'aa470d4b93f3c6a62ae9361e4ad30966', 1),
(1510503309, '奚艳红', '女', 2015, '物联网工程', 1, 'e2857b8be7859a033def68ba795e6d64', 1),
(1510503310, '叶广源', '男', 2015, '物联网工程', 3, '50dc50400522b2c43bb287020cdde05f', 1),
(1510503311, '田野', '男', 2015, '物联网工程', 3, '3a390c4691ed115d8e77813a4a3bcf62', 1),
(1510503312, '鞠杰', '男', 2015, '物联网工程', 1, 'fc82176d802fb894f9a8722bbdffba48', 1),
(1510503313, '张浩', '男', 2015, '物联网工程', 1, '5d766dcd2a6359191efb15abdb3e7da8', 1),
(1510503314, '万理', '男', 2015, '物联网工程', 1, 'aa66fae31d5bc5087f9329dbf0fae7c5', 1),
(1510503315, '李桂福', '男', 2015, '物联网工程', 1, '7c074d6b2a7d0682dc7f919655e2796b', 1),
(1510503316, '冯春梅', '女', 2015, '物联网工程', 3, '9b3578f1b2f90f19bce754825a598d0d', 1),
(1510503317, '张朝阳', '男', 2015, '物联网工程', 1, 'ed22112af44f13bdbc8f71892242eb3e', 1),
(1510503318, '贺晓萱', '女', 2015, '物联网工程', 1, 'b015d22fda39a4f5ee201f5b76900617', 1),
(1510503319, '周建国', '男', 2015, '物联网工程', 2, 'd2503822f327b93f52b95e717f4ca491', 1),
(1510503320, '何宇婷', '女', 2015, '物联网工程', 2, '34da871ffe7e1f1784ccc6c1f3082d61', 1),
(1510503321, '杨雨', '男', 2015, '物联网工程', 2, '3688d8e6d6409263595bfd09fed31294', 1),
(1510503322, '彭帅', '男', 2015, '物联网工程', 2, '798ecb2db7d7d7c41ed01b6403af3d0a', 1),
(1510503323, '余滨江', '男', 2015, '物联网工程', 2, 'bfaa746e5aec4fbda669b5e136680695', 1),
(1510503324, '王璞', '男', 2015, '物联网工程', 2, 'ebfa382c05436459f423d692a2505942', 1),
(1510503325, '朱立霞', '女', 2015, '物联网工程', 3, '24b72ea8346023b446afa8cb17edde58', 1),
(1510503326, '张蜜', '女', 2015, '物联网工程', 3, 'ee5ed9aff059ca3f4f4844f52071a6d4', 1),
(1510503327, '黄月', '女', 2015, '物联网工程', 3, '25d55ad283aa400af464c76d713c07ad', 1);
INSERT INTO `su_student` (`stu_Number`, `stu_Name`, `stu_Sex`, `stu_Grade`, `stu_Profession`, `stu_Class`, `stu_Password`, `stu_IsChange`) VALUES
(1510503328, '张敏娟', '女', 2015, '物联网工程', 3, '7efd0a089625b3c1121db74fa9261f82', 1),
(1510503329, '王瑗瑗', '女', 2015, '物联网工程', 2, '4f4f39e8a337ff1d3e2de956c2e9fa37', 1),
(1510503330, '胡淑涛', '男', 2015, '物联网工程', 3, '417023e67d3cea5b5d47fab9ca0a5267', 1),
(1510503331, '徐超', '男', 2015, '物联网工程', 2, '097b075ee35ffb21f0f5c15140ed29a5', 1),
(1510503332, '谭超', '男', 2015, '物联网工程', 2, '2999c2ff50c115bdc08459bd5e7f504d', 1),
(1510503333, '李家新', '男', 2015, '物联网工程', 3, 'c9d709deddefa22c329aff52b8a8d806', 1),
(1510503334, '石金玲', '女', 2015, '物联网工程', 3, 'fea6451b4154b6108c48e1e48bcb4026', 1),
(1510503335, '王星宇', '男', 2015, '物联网工程', 2, 'cbc902265623ffe1ee8899194f8223c5', 1),
(1510503336, '刘书斌', '男', 2015, '物联网工程', 2, '6ab1d101f2bede87f43263fdc372b0b6', 1),
(1510503337, '谭照红', '男', 2015, '物联网工程', 3, '5d43f51314108a3baa93919e9632965a', 1),
(1510503338, '李召凤', '女', 2015, '物联网工程', 3, 'bc46e7b6089f343f08b84b2f41aa4345', 1),
(1510503339, '陈黎燕', '女', 2015, '物联网工程', 3, '25d55ad283aa400af464c76d713c07ad', 1),
(1510503340, '冉钞文', '男', 2015, '物联网工程', 3, '06ce571ebd38976d7dcd91aa5df62f4a', 1),
(1510503341, '滕林志', '男', 2015, '物联网工程', 2, '60681adf42be99041222d749d63b0cab', 1),
(1510503342, '谭瑶', '女', 2015, '物联网工程', 2, '09977fb9c2a1508c0c22bd94bc04a798', 1),
(1510503343, '吴孟琳', '女', 2015, '物联网工程', 2, '61a7ee51df8fc5b918994ea68932a5c9', 1),
(1510503344, '丁楠', '女', 2015, '物联网工程', 2, '8ef4e9b81c3d5937938bb0da65718b7f', 1),
(1510703144, '古洁', '女', 2015, '数学与应用数学', 1, 'f463e56ecd6ce34f8cef4b7f55ab56b8', 1);

-- --------------------------------------------------------

--
-- 表的结构 `su_student_choice`
--

CREATE TABLE `su_student_choice` (
  `ch_Id` int(11) NOT NULL COMMENT '关系ID',
  `ch_StuNumber` int(11) NOT NULL COMMENT '学生学号',
  `ch_TrNodeId` int(11) NOT NULL COMMENT '树结点ID',
  `ch_stuGrade` int(4) NOT NULL COMMENT '年级'
) ENGINE=InnoDB DEFAULT CHARSET=utf8 COLLATE=utf8_bin;

--
-- 转存表中的数据 `su_student_choice`
--

INSERT INTO `su_student_choice` (`ch_Id`, `ch_StuNumber`, `ch_TrNodeId`, `ch_stuGrade`) VALUES
(28, 1510501505, 14, 2015),
(29, 1510501505, 69, 2015),
(30, 1510501505, 20, 2015),
(31, 1510501505, 21, 2015),
(32, 1510501119, 14, 2015),
(33, 1510501119, 69, 2015),
(34, 1510501119, 23, 2015),
(35, 1510501119, 24, 2015),
(36, 1510503207, 37, 2015),
(37, 1510503207, 38, 2015),
(38, 1510503207, 71, 2015),
(39, 1510503207, 46, 2015),
(40, 1510503207, 47, 2015),
(41, 1510503206, 35, 2015),
(42, 1510503206, 36, 2015),
(43, 1510503206, 70, 2015),
(44, 1510503206, 44, 2015),
(45, 1510503206, 45, 2015),
(46, 1510503205, 35, 2015),
(47, 1510503205, 36, 2015),
(48, 1510503205, 70, 2015),
(49, 1510503205, 50, 2015),
(50, 1510503205, 51, 2015),
(51, 1510501142, 14, 2015),
(52, 1510501142, 69, 2015),
(53, 1510501142, 20, 2015),
(54, 1510501142, 21, 2015),
(55, 1510503209, 37, 2015),
(56, 1510503209, 38, 2015),
(57, 1510503209, 71, 2015),
(58, 1510503209, 44, 2015),
(59, 1510503209, 45, 2015),
(60, 1510503202, 35, 2015),
(61, 1510503202, 36, 2015),
(62, 1510503202, 70, 2015),
(63, 1510503202, 50, 2015),
(64, 1510503202, 51, 2015),
(65, 1510503221, 35, 2015),
(66, 1510503221, 36, 2015),
(67, 1510503221, 70, 2015),
(68, 1510503221, 50, 2015),
(69, 1510503221, 51, 2015),
(70, 1510503216, 37, 2015),
(71, 1510503216, 38, 2015),
(72, 1510503216, 71, 2015),
(73, 1510503216, 44, 2015),
(74, 1510503216, 45, 2015),
(75, 1510503211, 37, 2015),
(76, 1510503211, 38, 2015),
(77, 1510503211, 71, 2015),
(78, 1510503211, 44, 2015),
(79, 1510503211, 45, 2015),
(80, 1510503201, 37, 2015),
(81, 1510503201, 38, 2015),
(82, 1510503201, 71, 2015),
(83, 1510503201, 44, 2015),
(84, 1510503201, 45, 2015),
(85, 1510503344, 35, 2015),
(86, 1510503344, 36, 2015),
(87, 1510503344, 70, 2015),
(88, 1510503344, 48, 2015),
(89, 1510503344, 49, 2015),
(90, 1510503343, 35, 2015),
(91, 1510503343, 36, 2015),
(92, 1510503343, 70, 2015),
(93, 1510503343, 48, 2015),
(94, 1510503343, 49, 2015),
(95, 1510503320, 35, 2015),
(96, 1510503320, 36, 2015),
(97, 1510503320, 70, 2015),
(98, 1510503320, 48, 2015),
(99, 1510503320, 49, 2015),
(100, 1510501337, 14, 2015),
(101, 1510501337, 69, 2015),
(102, 1510501337, 23, 2015),
(103, 1510501337, 24, 2015),
(104, 1510501340, 14, 2015),
(105, 1510501340, 69, 2015),
(106, 1510501340, 23, 2015),
(107, 1510501340, 24, 2015),
(108, 1510503342, 35, 2015),
(109, 1510503342, 36, 2015),
(110, 1510503342, 70, 2015),
(111, 1510503342, 50, 2015),
(112, 1510503342, 51, 2015),
(113, 1510503204, 37, 2015),
(114, 1510503204, 38, 2015),
(115, 1510503204, 71, 2015),
(116, 1510503204, 44, 2015),
(117, 1510503204, 45, 2015),
(118, 1510503329, 37, 2015),
(119, 1510503329, 38, 2015),
(120, 1510503329, 71, 2015),
(121, 1510503329, 44, 2015),
(122, 1510503329, 45, 2015),
(123, 1510503228, 35, 2015),
(124, 1510503228, 36, 2015),
(125, 1510503228, 70, 2015),
(126, 1510503228, 46, 2015),
(127, 1510503228, 47, 2015),
(128, 1510503323, 37, 2015),
(129, 1510503323, 38, 2015),
(130, 1510503323, 71, 2015),
(131, 1510503323, 44, 2015),
(132, 1510503323, 45, 2015),
(133, 1510503327, 37, 2015),
(134, 1510503327, 38, 2015),
(135, 1510503327, 71, 2015),
(136, 1510503327, 44, 2015),
(137, 1510503327, 45, 2015),
(138, 1510503306, 37, 2015),
(139, 1510503306, 38, 2015),
(140, 1510503306, 71, 2015),
(141, 1510503306, 46, 2015),
(142, 1510503306, 47, 2015),
(143, 1510501118, 14, 2015),
(144, 1510501118, 69, 2015),
(145, 1510501118, 20, 2015),
(146, 1510501118, 21, 2015),
(147, 1510503244, 35, 2015),
(148, 1510503244, 36, 2015),
(149, 1510503244, 70, 2015),
(150, 1510503244, 50, 2015),
(151, 1510503244, 51, 2015),
(152, 1510501141, 14, 2015),
(153, 1510501141, 69, 2015),
(154, 1510501141, 20, 2015),
(155, 1510501141, 21, 2015),
(156, 1510503213, 37, 2015),
(157, 1510503213, 38, 2015),
(158, 1510503213, 71, 2015),
(159, 1510503213, 44, 2015),
(160, 1510503213, 45, 2015),
(161, 1510503236, 35, 2015),
(162, 1510503236, 36, 2015),
(163, 1510503236, 70, 2015),
(164, 1510503236, 48, 2015),
(165, 1510503236, 49, 2015),
(166, 1510503116, 37, 2015),
(167, 1510503116, 38, 2015),
(168, 1510503116, 71, 2015),
(169, 1510503116, 46, 2015),
(170, 1510503116, 47, 2015),
(171, 1510503235, 37, 2015),
(172, 1510503235, 38, 2015),
(173, 1510503235, 71, 2015),
(174, 1510503235, 46, 2015),
(175, 1510503235, 47, 2015),
(176, 1510503315, 37, 2015),
(177, 1510503315, 38, 2015),
(178, 1510503315, 71, 2015),
(179, 1510503315, 46, 2015),
(180, 1510503315, 47, 2015),
(181, 1510503242, 35, 2015),
(182, 1510503242, 36, 2015),
(183, 1510503242, 70, 2015),
(184, 1510503242, 50, 2015),
(185, 1510503242, 51, 2015),
(186, 1510503224, 37, 2015),
(187, 1510503224, 38, 2015),
(188, 1510503224, 71, 2015),
(189, 1510503224, 44, 2015),
(190, 1510503224, 45, 2015),
(191, 1510503113, 37, 2015),
(192, 1510503113, 38, 2015),
(193, 1510503113, 71, 2015),
(194, 1510503113, 46, 2015),
(195, 1510503113, 47, 2015),
(196, 1510503229, 35, 2015),
(197, 1510503229, 36, 2015),
(198, 1510503229, 70, 2015),
(199, 1510503229, 50, 2015),
(200, 1510503229, 51, 2015),
(201, 1510501310, 14, 2015),
(202, 1510501310, 69, 2015),
(203, 1510501310, 26, 2015),
(204, 1510501310, 27, 2015),
(205, 1510503132, 35, 2015),
(206, 1510503132, 36, 2015),
(207, 1510503132, 70, 2015),
(208, 1510503132, 50, 2015),
(209, 1510503132, 51, 2015),
(210, 1510503317, 35, 2015),
(211, 1510503317, 36, 2015),
(212, 1510503317, 70, 2015),
(213, 1510503317, 50, 2015),
(214, 1510503317, 51, 2015),
(215, 1510503133, 37, 2015),
(216, 1510503133, 38, 2015),
(217, 1510503133, 71, 2015),
(218, 1510503133, 46, 2015),
(219, 1510503133, 47, 2015),
(220, 1510503223, 35, 2015),
(221, 1510503223, 36, 2015),
(222, 1510503223, 70, 2015),
(223, 1510503223, 50, 2015),
(224, 1510503223, 51, 2015),
(225, 1510503114, 35, 2015),
(226, 1510503114, 36, 2015),
(227, 1510503114, 70, 2015),
(228, 1510503114, 46, 2015),
(229, 1510503114, 47, 2015),
(230, 1510503103, 37, 2015),
(231, 1510503103, 38, 2015),
(232, 1510503103, 71, 2015),
(233, 1510503103, 44, 2015),
(234, 1510503103, 45, 2015),
(235, 1510503125, 37, 2015),
(236, 1510503125, 38, 2015),
(237, 1510503125, 71, 2015),
(238, 1510503125, 46, 2015),
(239, 1510503125, 47, 2015),
(240, 1510503111, 35, 2015),
(241, 1510503111, 36, 2015),
(242, 1510503111, 70, 2015),
(243, 1510503111, 50, 2015),
(244, 1510503111, 51, 2015),
(245, 1510503105, 35, 2015),
(246, 1510503105, 36, 2015),
(247, 1510503105, 70, 2015),
(248, 1510503105, 48, 2015),
(249, 1510503105, 49, 2015),
(250, 1510503334, 37, 2015),
(251, 1510503334, 38, 2015),
(252, 1510503334, 71, 2015),
(253, 1510503334, 46, 2015),
(254, 1510503334, 47, 2015),
(255, 1510503104, 35, 2015),
(256, 1510503104, 36, 2015),
(257, 1510503104, 70, 2015),
(258, 1510503104, 50, 2015),
(259, 1510503104, 51, 2015),
(260, 1510503222, 35, 2015),
(261, 1510503222, 36, 2015),
(262, 1510503222, 70, 2015),
(263, 1510503222, 50, 2015),
(264, 1510503222, 51, 2015),
(265, 1510503302, 35, 2015),
(266, 1510503302, 36, 2015),
(267, 1510503302, 70, 2015),
(268, 1510503302, 44, 2015),
(269, 1510503302, 45, 2015),
(270, 1510503140, 35, 2015),
(271, 1510503140, 36, 2015),
(272, 1510503140, 70, 2015),
(273, 1510503140, 50, 2015),
(274, 1510503140, 51, 2015),
(275, 1510503143, 35, 2015),
(276, 1510503143, 36, 2015),
(277, 1510503143, 70, 2015),
(278, 1510503143, 46, 2015),
(279, 1510503143, 47, 2015),
(280, 1510503225, 37, 2015),
(281, 1510503225, 38, 2015),
(282, 1510503225, 71, 2015),
(283, 1510503225, 46, 2015),
(284, 1510503225, 47, 2015),
(285, 1510503137, 37, 2015),
(286, 1510503137, 38, 2015),
(287, 1510503137, 71, 2015),
(288, 1510503137, 46, 2015),
(289, 1510503137, 47, 2015),
(290, 1510503219, 37, 2015),
(291, 1510503219, 38, 2015),
(292, 1510503219, 71, 2015),
(293, 1510503219, 44, 2015),
(294, 1510503219, 45, 2015),
(295, 1510503136, 35, 2015),
(296, 1510503136, 36, 2015),
(297, 1510503136, 70, 2015),
(298, 1510503136, 50, 2015),
(299, 1510503136, 51, 2015),
(300, 1510503220, 37, 2015),
(301, 1510503220, 38, 2015),
(302, 1510503220, 71, 2015),
(303, 1510503220, 44, 2015),
(304, 1510503220, 45, 2015),
(305, 1510503128, 37, 2015),
(306, 1510503128, 38, 2015),
(307, 1510503128, 71, 2015),
(308, 1510503128, 44, 2015),
(309, 1510503128, 45, 2015),
(310, 1510503339, 37, 2015),
(311, 1510503339, 38, 2015),
(312, 1510503339, 71, 2015),
(313, 1510503339, 44, 2015),
(314, 1510503339, 45, 2015),
(315, 1510503141, 37, 2015),
(316, 1510503141, 38, 2015),
(317, 1510503141, 71, 2015),
(318, 1510503141, 44, 2015),
(319, 1510503141, 45, 2015),
(320, 1510503227, 35, 2015),
(321, 1510503227, 36, 2015),
(322, 1510503227, 70, 2015),
(323, 1510503227, 46, 2015),
(324, 1510503227, 47, 2015),
(325, 1510503232, 35, 2015),
(326, 1510503232, 36, 2015),
(327, 1510503232, 70, 2015),
(328, 1510503232, 50, 2015),
(329, 1510503232, 51, 2015),
(330, 1510503239, 35, 2015),
(331, 1510503239, 36, 2015),
(332, 1510503239, 70, 2015),
(333, 1510503239, 50, 2015),
(334, 1510503239, 51, 2015),
(335, 1510503118, 37, 2015),
(336, 1510503118, 38, 2015),
(337, 1510503118, 71, 2015),
(338, 1510503118, 46, 2015),
(339, 1510503118, 47, 2015),
(340, 1510503139, 35, 2015),
(341, 1510503139, 36, 2015),
(342, 1510503139, 70, 2015),
(343, 1510503139, 46, 2015),
(344, 1510503139, 47, 2015),
(345, 1510503231, 37, 2015),
(346, 1510503231, 38, 2015),
(347, 1510503231, 71, 2015),
(348, 1510503231, 44, 2015),
(349, 1510503231, 45, 2015),
(350, 1510503102, 37, 2015),
(351, 1510503102, 38, 2015),
(352, 1510503102, 71, 2015),
(353, 1510503102, 44, 2015),
(354, 1510503102, 45, 2015),
(355, 1510503217, 35, 2015),
(356, 1510503217, 36, 2015),
(357, 1510503217, 70, 2015),
(358, 1510503217, 46, 2015),
(359, 1510503217, 47, 2015),
(360, 1510503212, 35, 2015),
(361, 1510503212, 36, 2015),
(362, 1510503212, 70, 2015),
(363, 1510503212, 48, 2015),
(364, 1510503212, 49, 2015),
(365, 1510503333, 35, 2015),
(366, 1510503333, 36, 2015),
(367, 1510503333, 70, 2015),
(368, 1510503333, 46, 2015),
(369, 1510503333, 47, 2015),
(370, 1510503340, 35, 2015),
(371, 1510503340, 36, 2015),
(372, 1510503340, 70, 2015),
(373, 1510503340, 46, 2015),
(374, 1510503340, 47, 2015),
(375, 1510501139, 14, 2015),
(376, 1510501139, 69, 2015),
(377, 1510501139, 20, 2015),
(378, 1510501139, 21, 2015),
(379, 1510501138, 16, 2015),
(380, 1510501138, 17, 2015),
(381, 1510501138, 20, 2015),
(382, 1510501138, 21, 2015),
(383, 1510501503, 14, 2015),
(384, 1510501503, 69, 2015),
(385, 1510501503, 20, 2015),
(386, 1510501503, 21, 2015),
(387, 1510501131, 14, 2015),
(388, 1510501131, 69, 2015),
(389, 1510501131, 20, 2015),
(390, 1510501131, 21, 2015),
(391, 1510501134, 14, 2015),
(392, 1510501134, 69, 2015),
(393, 1510501134, 20, 2015),
(394, 1510501134, 21, 2015),
(395, 1510501103, 14, 2015),
(396, 1510501103, 69, 2015),
(397, 1510501103, 20, 2015),
(398, 1510501103, 21, 2015),
(399, 1510501135, 14, 2015),
(400, 1510501135, 69, 2015),
(401, 1510501135, 20, 2015),
(402, 1510501135, 21, 2015),
(403, 1510503326, 35, 2015),
(404, 1510503326, 36, 2015),
(405, 1510503326, 70, 2015),
(406, 1510503326, 46, 2015),
(407, 1510503326, 47, 2015),
(408, 1510501143, 16, 2015),
(409, 1510501143, 17, 2015),
(410, 1510501143, 26, 2015),
(411, 1510501143, 27, 2015),
(412, 1510503226, 37, 2015),
(413, 1510503226, 38, 2015),
(414, 1510503226, 71, 2015),
(415, 1510503226, 48, 2015),
(416, 1510503226, 49, 2015),
(417, 1510501443, 14, 2015),
(418, 1510501443, 69, 2015),
(419, 1510501443, 20, 2015),
(420, 1510501443, 21, 2015),
(421, 1510503332, 37, 2015),
(422, 1510503332, 38, 2015),
(423, 1510503332, 71, 2015),
(424, 1510503332, 44, 2015),
(425, 1510503332, 45, 2015),
(426, 1510503106, 35, 2015),
(427, 1510503106, 36, 2015),
(428, 1510503106, 70, 2015),
(429, 1510503106, 50, 2015),
(430, 1510503106, 51, 2015),
(431, 1510503234, 35, 2015),
(432, 1510503234, 36, 2015),
(433, 1510503234, 70, 2015),
(434, 1510503234, 46, 2015),
(435, 1510503234, 47, 2015),
(436, 1510501418, 14, 2015),
(437, 1510501418, 69, 2015),
(438, 1510501418, 26, 2015),
(439, 1510501418, 27, 2015),
(440, 1510501441, 14, 2015),
(441, 1510501441, 69, 2015),
(442, 1510501441, 26, 2015),
(443, 1510501441, 27, 2015),
(444, 1510503337, 35, 2015),
(445, 1510503337, 36, 2015),
(446, 1510503337, 70, 2015),
(447, 1510503337, 44, 2015),
(448, 1510503337, 45, 2015),
(449, 1510503203, 35, 2015),
(450, 1510503203, 36, 2015),
(451, 1510503203, 70, 2015),
(452, 1510503203, 48, 2015),
(453, 1510503203, 49, 2015),
(454, 1510501543, 14, 2015),
(455, 1510501543, 69, 2015),
(456, 1510501543, 20, 2015),
(457, 1510501543, 21, 2015),
(458, 1510503301, 37, 2015),
(459, 1510503301, 38, 2015),
(460, 1510503301, 71, 2015),
(461, 1510503301, 46, 2015),
(462, 1510503301, 47, 2015),
(463, 1510501126, 14, 2015),
(464, 1510501126, 69, 2015),
(465, 1510501126, 20, 2015),
(466, 1510501126, 21, 2015),
(467, 1510503313, 35, 2015),
(468, 1510503313, 36, 2015),
(469, 1510503313, 70, 2015),
(470, 1510503313, 50, 2015),
(471, 1510503313, 51, 2015),
(472, 1510503124, 37, 2015),
(473, 1510503124, 38, 2015),
(474, 1510503124, 71, 2015),
(475, 1510503124, 46, 2015),
(476, 1510503124, 47, 2015),
(477, 1510501211, 14, 2015),
(478, 1510501211, 69, 2015),
(479, 1510501211, 20, 2015),
(480, 1510501211, 21, 2015),
(481, 1510503312, 35, 2015),
(482, 1510503312, 36, 2015),
(483, 1510503312, 70, 2015),
(484, 1510503312, 46, 2015),
(485, 1510503312, 47, 2015),
(486, 1510501335, 14, 2015),
(487, 1510501335, 69, 2015),
(488, 1510501335, 20, 2015),
(489, 1510501335, 21, 2015),
(490, 1510503305, 37, 2015),
(491, 1510503305, 38, 2015),
(492, 1510503305, 71, 2015),
(493, 1510503305, 48, 2015),
(494, 1510503305, 49, 2015),
(495, 1510501342, 14, 2015),
(496, 1510501342, 69, 2015),
(497, 1510501342, 20, 2015),
(498, 1510501342, 21, 2015),
(499, 1510501231, 14, 2015),
(500, 1510501231, 69, 2015),
(501, 1510501231, 23, 2015),
(502, 1510501231, 24, 2015),
(503, 1510503319, 37, 2015),
(504, 1510503319, 38, 2015),
(505, 1510503319, 71, 2015),
(506, 1510503319, 46, 2015),
(507, 1510503319, 47, 2015),
(508, 1510501528, 14, 2015),
(509, 1510501528, 69, 2015),
(510, 1510501528, 20, 2015),
(511, 1510501528, 21, 2015),
(512, 1510501525, 14, 2015),
(513, 1510501525, 69, 2015),
(514, 1510501525, 20, 2015),
(515, 1510501525, 21, 2015),
(516, 1510501237, 14, 2015),
(517, 1510501237, 69, 2015),
(518, 1510501237, 20, 2015),
(519, 1510501237, 21, 2015),
(520, 1510503314, 35, 2015),
(521, 1510503314, 36, 2015),
(522, 1510503314, 70, 2015),
(523, 1510503314, 46, 2015),
(524, 1510503314, 47, 2015),
(525, 1510501520, 16, 2015),
(526, 1510501520, 17, 2015),
(527, 1510501520, 23, 2015),
(528, 1510501520, 24, 2015),
(529, 1510501511, 16, 2015),
(530, 1510501511, 17, 2015),
(531, 1510501511, 23, 2015),
(532, 1510501511, 24, 2015),
(533, 1510503322, 35, 2015),
(534, 1510503322, 36, 2015),
(535, 1510503322, 70, 2015),
(536, 1510503322, 50, 2015),
(537, 1510503322, 51, 2015),
(538, 1510501508, 14, 2015),
(539, 1510501508, 69, 2015),
(540, 1510501508, 20, 2015),
(541, 1510501508, 21, 2015),
(542, 1510501110, 16, 2015),
(543, 1510501110, 17, 2015),
(544, 1510501110, 23, 2015),
(545, 1510501110, 24, 2015),
(546, 1510501114, 14, 2015),
(547, 1510501114, 69, 2015),
(548, 1510501114, 23, 2015),
(549, 1510501114, 24, 2015),
(550, 1510503215, 37, 2015),
(551, 1510503215, 38, 2015),
(552, 1510503215, 71, 2015),
(553, 1510503215, 44, 2015),
(554, 1510503215, 45, 2015),
(555, 1510501513, 14, 2015),
(556, 1510501513, 69, 2015),
(557, 1510501513, 20, 2015),
(558, 1510501513, 21, 2015),
(559, 1510501509, 14, 2015),
(560, 1510501509, 69, 2015),
(561, 1510501509, 20, 2015),
(562, 1510501509, 21, 2015),
(563, 1510501133, 14, 2015),
(564, 1510501133, 69, 2015),
(565, 1510501133, 23, 2015),
(566, 1510501133, 24, 2015),
(567, 1510501136, 14, 2015),
(568, 1510501136, 69, 2015),
(569, 1510501136, 20, 2015),
(570, 1510501136, 21, 2015),
(571, 1510502272, 62, 2015),
(572, 1510502272, 63, 2015),
(573, 1510502272, 64, 2015),
(574, 1510502272, 65, 2015),
(575, 1510502272, 66, 2015),
(576, 1510501331, 14, 2015),
(577, 1510501331, 69, 2015),
(578, 1510501331, 26, 2015),
(579, 1510501331, 27, 2015),
(580, 1510502231, 62, 2015),
(581, 1510502231, 63, 2015),
(582, 1510502231, 64, 2015),
(583, 1510502231, 65, 2015),
(584, 1510502231, 66, 2015),
(585, 1510501307, 14, 2015),
(586, 1510501307, 69, 2015),
(587, 1510501307, 23, 2015),
(588, 1510501307, 24, 2015),
(589, 1510501212, 14, 2015),
(590, 1510501212, 69, 2015),
(591, 1510501212, 20, 2015),
(592, 1510501212, 21, 2015),
(593, 1510502277, 62, 2015),
(594, 1510502277, 63, 2015),
(595, 1510502277, 64, 2015),
(596, 1510502277, 67, 2015),
(597, 1510502277, 68, 2015),
(598, 1510501234, 14, 2015),
(599, 1510501234, 69, 2015),
(600, 1510501234, 20, 2015),
(601, 1510501234, 21, 2015),
(602, 1510503145, 37, 2015),
(603, 1510503145, 38, 2015),
(604, 1510503145, 71, 2015),
(605, 1510503145, 44, 2015),
(606, 1510503145, 45, 2015),
(607, 1510502101, 62, 2015),
(608, 1510502101, 63, 2015),
(609, 1510502101, 64, 2015),
(610, 1510502101, 67, 2015),
(611, 1510502101, 68, 2015),
(612, 1510501130, 16, 2015),
(613, 1510501130, 17, 2015),
(614, 1510501130, 23, 2015),
(615, 1510501130, 24, 2015),
(616, 1510502105, 62, 2015),
(617, 1510502105, 63, 2015),
(618, 1510502105, 64, 2015),
(619, 1510502105, 67, 2015),
(620, 1510502105, 68, 2015),
(621, 1510502106, 62, 2015),
(622, 1510502106, 63, 2015),
(623, 1510502106, 64, 2015),
(624, 1510502106, 67, 2015),
(625, 1510502106, 68, 2015),
(626, 1510501542, 14, 2015),
(627, 1510501542, 69, 2015),
(628, 1510501542, 20, 2015),
(629, 1510501542, 21, 2015),
(630, 1510502108, 62, 2015),
(631, 1510502108, 63, 2015),
(632, 1510502108, 64, 2015),
(633, 1510502108, 65, 2015),
(634, 1510502108, 66, 2015),
(635, 1510502275, 62, 2015),
(636, 1510502275, 63, 2015),
(637, 1510502275, 64, 2015),
(638, 1510502275, 65, 2015),
(639, 1510502275, 66, 2015),
(640, 1510502201, 62, 2015),
(641, 1510502201, 63, 2015),
(642, 1510502201, 64, 2015),
(643, 1510502201, 65, 2015),
(644, 1510502201, 66, 2015),
(645, 1510502202, 62, 2015),
(646, 1510502202, 63, 2015),
(647, 1510502202, 64, 2015),
(648, 1510502202, 65, 2015),
(649, 1510502202, 66, 2015),
(650, 1510501316, 14, 2015),
(651, 1510501316, 69, 2015),
(652, 1510501316, 20, 2015),
(653, 1510501316, 21, 2015),
(654, 1510501318, 14, 2015),
(655, 1510501318, 69, 2015),
(656, 1510501318, 20, 2015),
(657, 1510501318, 21, 2015),
(658, 1510503316, 37, 2015),
(659, 1510503316, 38, 2015),
(660, 1510503316, 71, 2015),
(661, 1510503316, 44, 2015),
(662, 1510503316, 45, 2015),
(663, 1510501217, 14, 2015),
(664, 1510501217, 69, 2015),
(665, 1510501217, 26, 2015),
(666, 1510501217, 27, 2015),
(667, 1510501109, 16, 2015),
(668, 1510501109, 17, 2015),
(669, 1510501109, 23, 2015),
(670, 1510501109, 24, 2015),
(671, 1510501312, 14, 2015),
(672, 1510501312, 69, 2015),
(673, 1510501312, 20, 2015),
(674, 1510501312, 21, 2015),
(675, 1510501533, 14, 2015),
(676, 1510501533, 69, 2015),
(677, 1510501533, 20, 2015),
(678, 1510501533, 21, 2015),
(679, 1510501535, 14, 2015),
(680, 1510501535, 69, 2015),
(681, 1510501535, 20, 2015),
(682, 1510501535, 21, 2015),
(683, 1510501102, 14, 2015),
(684, 1510501102, 69, 2015),
(685, 1510501102, 20, 2015),
(686, 1510501102, 21, 2015),
(687, 1510503134, 35, 2015),
(688, 1510503134, 36, 2015),
(689, 1510503134, 70, 2015),
(690, 1510503134, 50, 2015),
(691, 1510503134, 51, 2015),
(692, 1510501301, 14, 2015),
(693, 1510501301, 69, 2015),
(694, 1510501301, 20, 2015),
(695, 1510501301, 21, 2015),
(696, 1510501415, 14, 2015),
(697, 1510501415, 69, 2015),
(698, 1510501415, 20, 2015),
(699, 1510501415, 21, 2015),
(700, 1510501430, 14, 2015),
(701, 1510501430, 69, 2015),
(702, 1510501430, 20, 2015),
(703, 1510501430, 21, 2015),
(704, 1510501432, 14, 2015),
(705, 1510501432, 69, 2015),
(706, 1510501432, 20, 2015),
(707, 1510501432, 21, 2015),
(708, 1510503330, 37, 2015),
(709, 1510503330, 38, 2015),
(710, 1510503330, 71, 2015),
(711, 1510503330, 46, 2015),
(712, 1510503330, 47, 2015),
(713, 1510501334, 14, 2015),
(714, 1510501334, 69, 2015),
(715, 1510501334, 20, 2015),
(716, 1510501334, 21, 2015),
(717, 1510502229, 62, 2015),
(718, 1510502229, 63, 2015),
(719, 1510502229, 64, 2015),
(720, 1510502229, 67, 2015),
(721, 1510502229, 68, 2015),
(722, 1510501319, 14, 2015),
(723, 1510501319, 69, 2015),
(724, 1510501319, 20, 2015),
(725, 1510501319, 21, 2015),
(726, 1510501113, 14, 2015),
(727, 1510501113, 69, 2015),
(728, 1510501113, 20, 2015),
(729, 1510501113, 21, 2015),
(730, 1510501121, 14, 2015),
(731, 1510501121, 69, 2015),
(732, 1510501121, 20, 2015),
(733, 1510501121, 21, 2015),
(734, 1510501330, 14, 2015),
(735, 1510501330, 69, 2015),
(736, 1510501330, 29, 2015),
(737, 1510501330, 30, 2015),
(738, 1510501523, 14, 2015),
(739, 1510501523, 69, 2015),
(740, 1510501523, 23, 2015),
(741, 1510501523, 24, 2015),
(742, 1510501529, 14, 2015),
(743, 1510501529, 69, 2015),
(744, 1510501529, 20, 2015),
(745, 1510501529, 21, 2015),
(746, 1510501422, 14, 2015),
(747, 1510501422, 69, 2015),
(748, 1510501422, 23, 2015),
(749, 1510501422, 24, 2015),
(750, 1510503238, 35, 2015),
(751, 1510503238, 36, 2015),
(752, 1510503238, 70, 2015),
(753, 1510503238, 44, 2015),
(754, 1510503238, 45, 2015),
(755, 1510503237, 35, 2015),
(756, 1510503237, 36, 2015),
(757, 1510503237, 70, 2015),
(758, 1510503237, 44, 2015),
(759, 1510503237, 45, 2015),
(760, 1510501311, 14, 2015),
(761, 1510501311, 69, 2015),
(762, 1510501311, 20, 2015),
(763, 1510501311, 21, 2015),
(764, 1510501501, 14, 2015),
(765, 1510501501, 69, 2015),
(766, 1510501501, 20, 2015),
(767, 1510501501, 21, 2015),
(768, 1510501530, 14, 2015),
(769, 1510501530, 69, 2015),
(770, 1510501530, 20, 2015),
(771, 1510501530, 21, 2015),
(772, 1510501327, 14, 2015),
(773, 1510501327, 69, 2015),
(774, 1510501327, 20, 2015),
(775, 1510501327, 21, 2015),
(776, 1510501431, 14, 2015),
(777, 1510501431, 69, 2015),
(778, 1510501431, 26, 2015),
(779, 1510501431, 27, 2015),
(780, 1510501329, 14, 2015),
(781, 1510501329, 69, 2015),
(782, 1510501329, 20, 2015),
(783, 1510501329, 21, 2015),
(784, 1510503304, 37, 2015),
(785, 1510503304, 38, 2015),
(786, 1510503304, 71, 2015),
(787, 1510503304, 44, 2015),
(788, 1510503304, 45, 2015),
(789, 1510503241, 37, 2015),
(790, 1510503241, 38, 2015),
(791, 1510503241, 71, 2015),
(792, 1510503241, 44, 2015),
(793, 1510503241, 45, 2015),
(794, 1510501435, 16, 2015),
(795, 1510501435, 17, 2015),
(796, 1510501435, 26, 2015),
(797, 1510501435, 27, 2015),
(798, 1510503325, 37, 2015),
(799, 1510503325, 38, 2015),
(800, 1510503325, 71, 2015),
(801, 1510503325, 44, 2015),
(802, 1510503325, 45, 2015),
(803, 1510501504, 14, 2015),
(804, 1510501504, 69, 2015),
(805, 1510501504, 20, 2015),
(806, 1510501504, 21, 2015),
(807, 1510503208, 37, 2015),
(808, 1510503208, 38, 2015),
(809, 1510503208, 71, 2015),
(810, 1510503208, 48, 2015),
(811, 1510503208, 49, 2015),
(812, 1510501107, 14, 2015),
(813, 1510501107, 69, 2015),
(814, 1510501107, 20, 2015),
(815, 1510501107, 21, 2015),
(816, 1510503108, 37, 2015),
(817, 1510503108, 38, 2015),
(818, 1510503108, 71, 2015),
(819, 1510503108, 44, 2015),
(820, 1510503108, 45, 2015),
(821, 1510503112, 37, 2015),
(822, 1510503112, 38, 2015),
(823, 1510503112, 71, 2015),
(824, 1510503112, 44, 2015),
(825, 1510503112, 45, 2015),
(826, 1510503120, 37, 2015),
(827, 1510503120, 38, 2015),
(828, 1510503120, 71, 2015),
(829, 1510503120, 44, 2015),
(830, 1510503120, 45, 2015),
(831, 1510503110, 37, 2015),
(832, 1510503110, 38, 2015),
(833, 1510503110, 71, 2015),
(834, 1510503110, 44, 2015),
(835, 1510503110, 45, 2015),
(836, 1510501112, 14, 2015),
(837, 1510501112, 69, 2015),
(838, 1510501112, 20, 2015),
(839, 1510501112, 21, 2015),
(840, 1510503338, 37, 2015),
(841, 1510503338, 38, 2015),
(842, 1510503338, 71, 2015),
(843, 1510503338, 48, 2015),
(844, 1510503338, 49, 2015),
(845, 1510501420, 14, 2015),
(846, 1510501420, 69, 2015),
(847, 1510501420, 20, 2015),
(848, 1510501420, 21, 2015),
(849, 1510503240, 37, 2015),
(850, 1510503240, 38, 2015),
(851, 1510503240, 71, 2015),
(852, 1510503240, 44, 2015),
(853, 1510503240, 45, 2015),
(854, 1510503127, 35, 2015),
(855, 1510503127, 36, 2015),
(856, 1510503127, 70, 2015),
(857, 1510503127, 44, 2015),
(858, 1510503127, 45, 2015),
(859, 1510503328, 37, 2015),
(860, 1510503328, 38, 2015),
(861, 1510503328, 71, 2015),
(862, 1510503328, 44, 2015),
(863, 1510503328, 45, 2015),
(864, 1510501532, 14, 2015),
(865, 1510501532, 69, 2015),
(866, 1510501532, 20, 2015),
(867, 1510501532, 21, 2015),
(868, 1510502179, 59, 2015),
(869, 1510502179, 60, 2015),
(870, 1510502179, 61, 2015),
(871, 1510502179, 65, 2015),
(872, 1510502179, 66, 2015),
(873, 1510502280, 59, 2015),
(874, 1510502280, 60, 2015),
(875, 1510502280, 61, 2015),
(876, 1510502280, 65, 2015),
(877, 1510502280, 66, 2015),
(878, 1510503101, 35, 2015),
(879, 1510503101, 36, 2015),
(880, 1510503101, 70, 2015),
(881, 1510503101, 48, 2015),
(882, 1510503101, 49, 2015),
(883, 1510502148, 62, 2015),
(884, 1510502148, 63, 2015),
(885, 1510502148, 64, 2015),
(886, 1510502148, 65, 2015),
(887, 1510502148, 66, 2015),
(888, 1510503109, 35, 2015),
(889, 1510503109, 36, 2015),
(890, 1510503109, 70, 2015),
(891, 1510503109, 48, 2015),
(892, 1510503109, 49, 2015),
(893, 1510503126, 37, 2015),
(894, 1510503126, 38, 2015),
(895, 1510503126, 71, 2015),
(896, 1510503126, 46, 2015),
(897, 1510503126, 47, 2015),
(898, 1510503123, 37, 2015),
(899, 1510503123, 38, 2015),
(900, 1510503123, 71, 2015),
(901, 1510503123, 46, 2015),
(902, 1510503123, 47, 2015),
(903, 1510502242, 59, 2015),
(904, 1510502242, 60, 2015),
(905, 1510502242, 61, 2015),
(906, 1510502242, 67, 2015),
(907, 1510502242, 68, 2015),
(908, 1510502246, 62, 2015),
(909, 1510502246, 63, 2015),
(910, 1510502246, 64, 2015),
(911, 1510502246, 65, 2015),
(912, 1510502246, 66, 2015),
(913, 1510502244, 59, 2015),
(914, 1510502244, 60, 2015),
(915, 1510502244, 61, 2015),
(916, 1510502244, 67, 2015),
(917, 1510502244, 68, 2015),
(918, 1510502238, 62, 2015),
(919, 1510502238, 63, 2015),
(920, 1510502238, 64, 2015),
(921, 1510502238, 65, 2015),
(922, 1510502238, 66, 2015),
(923, 1510502239, 62, 2015),
(924, 1510502239, 63, 2015),
(925, 1510502239, 64, 2015),
(926, 1510502239, 65, 2015),
(927, 1510502239, 66, 2015),
(928, 1510502245, 62, 2015),
(929, 1510502245, 63, 2015),
(930, 1510502245, 64, 2015),
(931, 1510502245, 65, 2015),
(932, 1510502245, 66, 2015),
(933, 1510502268, 62, 2015),
(934, 1510502268, 63, 2015),
(935, 1510502268, 64, 2015),
(936, 1510502268, 65, 2015),
(937, 1510502268, 66, 2015),
(938, 1510502220, 59, 2015),
(939, 1510502220, 60, 2015),
(940, 1510502220, 61, 2015),
(941, 1510502220, 67, 2015),
(942, 1510502220, 68, 2015),
(943, 1510502263, 62, 2015),
(944, 1510502263, 63, 2015),
(945, 1510502263, 64, 2015),
(946, 1510502263, 65, 2015),
(947, 1510502263, 66, 2015),
(948, 1510502112, 62, 2015),
(949, 1510502112, 63, 2015),
(950, 1510502112, 64, 2015),
(951, 1510502112, 65, 2015),
(952, 1510502112, 66, 2015),
(953, 1510502114, 62, 2015),
(954, 1510502114, 63, 2015),
(955, 1510502114, 64, 2015),
(956, 1510502114, 65, 2015),
(957, 1510502114, 66, 2015),
(958, 1510502227, 62, 2015),
(959, 1510502227, 63, 2015),
(960, 1510502227, 64, 2015),
(961, 1510502227, 65, 2015),
(962, 1510502227, 66, 2015),
(963, 1510502117, 62, 2015),
(964, 1510502117, 63, 2015),
(965, 1510502117, 64, 2015),
(966, 1510502117, 65, 2015),
(967, 1510502117, 66, 2015),
(968, 1510502109, 59, 2015),
(969, 1510502109, 60, 2015),
(970, 1510502109, 61, 2015),
(971, 1510502109, 65, 2015),
(972, 1510502109, 66, 2015),
(973, 1510502111, 62, 2015),
(974, 1510502111, 63, 2015),
(975, 1510502111, 64, 2015),
(976, 1510502111, 65, 2015),
(977, 1510502111, 66, 2015),
(978, 1510502223, 62, 2015),
(979, 1510502223, 63, 2015),
(980, 1510502223, 64, 2015),
(981, 1510502223, 65, 2015),
(982, 1510502223, 66, 2015),
(983, 1510502113, 62, 2015),
(984, 1510502113, 63, 2015),
(985, 1510502113, 64, 2015),
(986, 1510502113, 65, 2015),
(987, 1510502113, 66, 2015),
(988, 1510501137, 14, 2015),
(989, 1510501137, 69, 2015),
(990, 1510501137, 20, 2015),
(991, 1510501137, 21, 2015),
(992, 1510503119, 37, 2015),
(993, 1510503119, 38, 2015),
(994, 1510503119, 71, 2015),
(995, 1510503119, 48, 2015),
(996, 1510503119, 49, 2015),
(997, 1510501538, 14, 2015),
(998, 1510501538, 69, 2015),
(999, 1510501538, 20, 2015),
(1000, 1510501538, 21, 2015),
(1001, 1510502237, 59, 2015),
(1002, 1510502237, 60, 2015),
(1003, 1510502237, 61, 2015),
(1004, 1510502237, 67, 2015),
(1005, 1510502237, 68, 2015),
(1006, 1510502266, 62, 2015),
(1007, 1510502266, 63, 2015),
(1008, 1510502266, 64, 2015),
(1009, 1510502266, 65, 2015),
(1010, 1510502266, 66, 2015),
(1011, 1510502151, 62, 2015),
(1012, 1510502151, 63, 2015),
(1013, 1510502151, 64, 2015),
(1014, 1510502151, 67, 2015),
(1015, 1510502151, 68, 2015),
(1016, 1510502265, 62, 2015),
(1017, 1510502265, 63, 2015),
(1018, 1510502265, 64, 2015),
(1019, 1510502265, 65, 2015),
(1020, 1510502265, 66, 2015),
(1021, 1510502146, 62, 2015),
(1022, 1510502146, 63, 2015),
(1023, 1510502146, 64, 2015),
(1024, 1510502146, 65, 2015),
(1025, 1510502146, 66, 2015),
(1026, 1510502147, 62, 2015),
(1027, 1510502147, 63, 2015),
(1028, 1510502147, 64, 2015),
(1029, 1510502147, 65, 2015),
(1030, 1510502147, 66, 2015),
(1031, 1510502235, 59, 2015),
(1032, 1510502235, 60, 2015),
(1033, 1510502235, 61, 2015),
(1034, 1510502235, 65, 2015),
(1035, 1510502235, 66, 2015),
(1036, 1510502236, 62, 2015),
(1037, 1510502236, 63, 2015),
(1038, 1510502236, 64, 2015),
(1039, 1510502236, 67, 2015),
(1040, 1510502236, 68, 2015),
(1041, 1510502150, 62, 2015),
(1042, 1510502150, 63, 2015),
(1043, 1510502150, 64, 2015),
(1044, 1510502150, 65, 2015),
(1045, 1510502150, 66, 2015),
(1046, 1510502252, 62, 2015),
(1047, 1510502252, 63, 2015),
(1048, 1510502252, 64, 2015),
(1049, 1510502252, 65, 2015),
(1050, 1510502252, 66, 2015),
(1051, 1510501322, 14, 2015),
(1052, 1510501322, 69, 2015),
(1053, 1510501322, 26, 2015),
(1054, 1510501322, 27, 2015),
(1055, 1510502232, 62, 2015),
(1056, 1510502232, 63, 2015),
(1057, 1510502232, 64, 2015),
(1058, 1510502232, 67, 2015),
(1059, 1510502232, 68, 2015),
(1060, 1510502269, 62, 2015),
(1061, 1510502269, 63, 2015),
(1062, 1510502269, 64, 2015),
(1063, 1510502269, 67, 2015),
(1064, 1510502269, 68, 2015),
(1065, 1510502136, 62, 2015),
(1066, 1510502136, 63, 2015),
(1067, 1510502136, 64, 2015),
(1068, 1510502136, 65, 2015),
(1069, 1510502136, 66, 2015),
(1070, 1510502128, 62, 2015),
(1071, 1510502128, 63, 2015),
(1072, 1510502128, 64, 2015),
(1073, 1510502128, 65, 2015),
(1074, 1510502128, 66, 2015),
(1075, 1510502133, 62, 2015),
(1076, 1510502133, 63, 2015),
(1077, 1510502133, 64, 2015),
(1078, 1510502133, 65, 2015),
(1079, 1510502133, 66, 2015),
(1080, 1510502131, 62, 2015),
(1081, 1510502131, 63, 2015),
(1082, 1510502131, 64, 2015),
(1083, 1510502131, 65, 2015),
(1084, 1510502131, 66, 2015),
(1085, 1510502143, 62, 2015),
(1086, 1510502143, 63, 2015),
(1087, 1510502143, 64, 2015),
(1088, 1510502143, 65, 2015),
(1089, 1510502143, 66, 2015),
(1090, 1510502140, 62, 2015),
(1091, 1510502140, 63, 2015),
(1092, 1510502140, 64, 2015),
(1093, 1510502140, 65, 2015),
(1094, 1510502140, 66, 2015),
(1095, 1510502172, 62, 2015),
(1096, 1510502172, 63, 2015),
(1097, 1510502172, 64, 2015),
(1098, 1510502172, 67, 2015),
(1099, 1510502172, 68, 2015),
(1100, 1510502139, 62, 2015),
(1101, 1510502139, 63, 2015),
(1102, 1510502139, 64, 2015),
(1103, 1510502139, 65, 2015),
(1104, 1510502139, 66, 2015),
(1105, 1510502278, 59, 2015),
(1106, 1510502278, 60, 2015),
(1107, 1510502278, 61, 2015),
(1108, 1510502278, 67, 2015),
(1109, 1510502278, 68, 2015),
(1110, 1510502145, 62, 2015),
(1111, 1510502145, 63, 2015),
(1112, 1510502145, 64, 2015),
(1113, 1510502145, 65, 2015),
(1114, 1510502145, 66, 2015),
(1115, 1510502144, 62, 2015),
(1116, 1510502144, 63, 2015),
(1117, 1510502144, 64, 2015),
(1118, 1510502144, 65, 2015),
(1119, 1510502144, 66, 2015),
(1120, 1510502137, 62, 2015),
(1121, 1510502137, 63, 2015),
(1122, 1510502137, 64, 2015),
(1123, 1510502137, 65, 2015),
(1124, 1510502137, 66, 2015),
(1125, 1510502132, 62, 2015),
(1126, 1510502132, 63, 2015),
(1127, 1510502132, 64, 2015),
(1128, 1510502132, 65, 2015),
(1129, 1510502132, 66, 2015),
(1130, 1510502251, 62, 2015),
(1131, 1510502251, 63, 2015),
(1132, 1510502251, 64, 2015),
(1133, 1510502251, 65, 2015),
(1134, 1510502251, 66, 2015),
(1135, 1510502152, 62, 2015),
(1136, 1510502152, 63, 2015),
(1137, 1510502152, 64, 2015),
(1138, 1510502152, 65, 2015),
(1139, 1510502152, 66, 2015),
(1140, 1510502169, 62, 2015),
(1141, 1510502169, 63, 2015),
(1142, 1510502169, 64, 2015),
(1143, 1510502169, 67, 2015),
(1144, 1510502169, 68, 2015),
(1145, 1510502276, 59, 2015),
(1146, 1510502276, 60, 2015),
(1147, 1510502276, 61, 2015),
(1148, 1510502276, 67, 2015),
(1149, 1510502276, 68, 2015),
(1150, 1510502173, 62, 2015),
(1151, 1510502173, 63, 2015),
(1152, 1510502173, 64, 2015),
(1153, 1510502173, 65, 2015),
(1154, 1510502173, 66, 2015),
(1155, 1510502273, 62, 2015),
(1156, 1510502273, 63, 2015),
(1157, 1510502273, 64, 2015),
(1158, 1510502273, 65, 2015),
(1159, 1510502273, 66, 2015),
(1160, 1510502267, 62, 2015),
(1161, 1510502267, 63, 2015),
(1162, 1510502267, 64, 2015),
(1163, 1510502267, 65, 2015),
(1164, 1510502267, 66, 2015),
(1165, 1510502165, 62, 2015),
(1166, 1510502165, 63, 2015),
(1167, 1510502165, 64, 2015),
(1168, 1510502165, 65, 2015),
(1169, 1510502165, 66, 2015),
(1170, 1510501305, 14, 2015),
(1171, 1510501305, 69, 2015),
(1172, 1510501305, 23, 2015),
(1173, 1510501305, 24, 2015),
(1174, 1510502274, 62, 2015),
(1175, 1510502274, 63, 2015),
(1176, 1510502274, 64, 2015),
(1177, 1510502274, 65, 2015),
(1178, 1510502274, 66, 2015),
(1179, 1510502166, 62, 2015),
(1180, 1510502166, 63, 2015),
(1181, 1510502166, 64, 2015),
(1182, 1510502166, 67, 2015),
(1183, 1510502166, 68, 2015),
(1184, 1510502164, 62, 2015),
(1185, 1510502164, 63, 2015),
(1186, 1510502164, 64, 2015),
(1187, 1510502164, 65, 2015),
(1188, 1510502164, 66, 2015),
(1189, 1510501326, 14, 2015),
(1190, 1510501326, 69, 2015),
(1191, 1510501326, 23, 2015),
(1192, 1510501326, 24, 2015),
(1193, 1510502233, 62, 2015),
(1194, 1510502233, 63, 2015),
(1195, 1510502233, 64, 2015),
(1196, 1510502233, 67, 2015),
(1197, 1510502233, 68, 2015),
(1198, 1510502224, 62, 2015),
(1199, 1510502224, 63, 2015),
(1200, 1510502224, 64, 2015),
(1201, 1510502224, 65, 2015),
(1202, 1510502224, 66, 2015),
(1203, 1510502257, 59, 2015),
(1204, 1510502257, 60, 2015),
(1205, 1510502257, 61, 2015),
(1206, 1510502257, 67, 2015),
(1207, 1510502257, 68, 2015),
(1208, 1510502222, 62, 2015),
(1209, 1510502222, 63, 2015),
(1210, 1510502222, 64, 2015),
(1211, 1510502222, 65, 2015),
(1212, 1510502222, 66, 2015),
(1213, 1510502247, 59, 2015),
(1214, 1510502247, 60, 2015),
(1215, 1510502247, 61, 2015),
(1216, 1510502247, 67, 2015),
(1217, 1510502247, 68, 2015),
(1218, 1510502230, 62, 2015),
(1219, 1510502230, 63, 2015),
(1220, 1510502230, 64, 2015),
(1221, 1510502230, 65, 2015),
(1222, 1510502230, 66, 2015),
(1223, 1510502226, 62, 2015),
(1224, 1510502226, 63, 2015),
(1225, 1510502226, 64, 2015),
(1226, 1510502226, 65, 2015),
(1227, 1510502226, 66, 2015),
(1228, 1510501207, 16, 2015),
(1229, 1510501207, 17, 2015),
(1230, 1510501207, 29, 2015),
(1231, 1510501207, 30, 2015),
(1232, 1510502225, 59, 2015),
(1233, 1510502225, 60, 2015),
(1234, 1510502225, 61, 2015),
(1235, 1510502225, 67, 2015),
(1236, 1510502225, 68, 2015),
(1237, 1510501526, 14, 2015),
(1238, 1510501526, 69, 2015),
(1239, 1510501526, 20, 2015),
(1240, 1510501526, 21, 2015),
(1241, 1510501123, 14, 2015),
(1242, 1510501123, 69, 2015),
(1243, 1510501123, 20, 2015),
(1244, 1510501123, 21, 2015),
(1245, 1510501127, 14, 2015),
(1246, 1510501127, 69, 2015),
(1247, 1510501127, 20, 2015),
(1248, 1510501127, 21, 2015),
(1249, 1510501507, 14, 2015),
(1250, 1510501507, 69, 2015),
(1251, 1510501507, 26, 2015),
(1252, 1510501507, 27, 2015),
(1253, 1410502124, 14, 2015),
(1254, 1410502124, 69, 2015),
(1255, 1410502124, 23, 2015),
(1256, 1410502124, 24, 2015),
(1257, 1510502249, 62, 2015),
(1258, 1510502249, 63, 2015),
(1259, 1510502249, 64, 2015),
(1260, 1510502249, 65, 2015),
(1261, 1510502249, 66, 2015),
(1262, 1510501216, 14, 2015),
(1263, 1510501216, 69, 2015),
(1264, 1510501216, 26, 2015),
(1265, 1510501216, 27, 2015),
(1266, 1510502240, 59, 2015),
(1267, 1510502240, 60, 2015),
(1268, 1510502240, 61, 2015),
(1269, 1510502240, 65, 2015),
(1270, 1510502240, 66, 2015),
(1271, 1510502243, 59, 2015),
(1272, 1510502243, 60, 2015),
(1273, 1510502243, 61, 2015),
(1274, 1510502243, 65, 2015),
(1275, 1510502243, 66, 2015),
(1276, 1510502234, 62, 2015),
(1277, 1510502234, 63, 2015),
(1278, 1510502234, 64, 2015),
(1279, 1510502234, 67, 2015),
(1280, 1510502234, 68, 2015),
(1281, 1510503308, 35, 2015),
(1282, 1510503308, 36, 2015),
(1283, 1510503308, 70, 2015),
(1284, 1510503308, 50, 2015),
(1285, 1510503308, 51, 2015),
(1286, 1510501209, 14, 2015),
(1287, 1510501209, 69, 2015),
(1288, 1510501209, 26, 2015),
(1289, 1510501209, 27, 2015),
(1290, 1510502125, 62, 2015),
(1291, 1510502125, 63, 2015),
(1292, 1510502125, 64, 2015),
(1293, 1510502125, 65, 2015),
(1294, 1510502125, 66, 2015),
(1295, 1510502255, 62, 2015),
(1296, 1510502255, 63, 2015),
(1297, 1510502255, 64, 2015),
(1298, 1510502255, 65, 2015),
(1299, 1510502255, 66, 2015),
(1300, 1510501224, 14, 2015),
(1301, 1510501224, 69, 2015),
(1302, 1510501224, 23, 2015),
(1303, 1510501224, 24, 2015),
(1304, 1510502250, 62, 2015),
(1305, 1510502250, 63, 2015),
(1306, 1510502250, 64, 2015),
(1307, 1510502250, 65, 2015),
(1308, 1510502250, 66, 2015),
(1309, 1510501201, 14, 2015),
(1310, 1510501201, 69, 2015),
(1311, 1510501201, 20, 2015),
(1312, 1510501201, 21, 2015),
(1313, 1510501240, 14, 2015),
(1314, 1510501240, 69, 2015),
(1315, 1510501240, 20, 2015),
(1316, 1510501240, 21, 2015),
(1317, 1510501220, 16, 2015),
(1318, 1510501220, 17, 2015),
(1319, 1510501220, 20, 2015),
(1320, 1510501220, 21, 2015),
(1325, 1510501518, 14, 2015),
(1326, 1510501518, 69, 2015),
(1327, 1510501518, 20, 2015),
(1328, 1510501518, 21, 2015),
(1329, 1510501233, 14, 2015),
(1330, 1510501233, 69, 2015),
(1331, 1510501233, 26, 2015),
(1332, 1510501233, 27, 2015),
(1333, 1510501515, 16, 2015),
(1334, 1510501515, 17, 2015),
(1335, 1510501515, 20, 2015),
(1336, 1510501515, 21, 2015),
(1337, 1510501225, 16, 2015),
(1338, 1510501225, 17, 2015),
(1339, 1510501225, 23, 2015),
(1340, 1510501225, 24, 2015),
(1341, 1510502110, 59, 2015),
(1342, 1510502110, 60, 2015),
(1343, 1510502110, 61, 2015),
(1344, 1510502110, 67, 2015),
(1345, 1510502110, 68, 2015),
(1346, 1510502162, 59, 2015),
(1347, 1510502162, 60, 2015),
(1348, 1510502162, 61, 2015),
(1349, 1510502162, 65, 2015),
(1350, 1510502162, 66, 2015),
(1351, 1510503309, 37, 2015),
(1352, 1510503309, 38, 2015),
(1353, 1510503309, 71, 2015),
(1354, 1510503309, 44, 2015),
(1355, 1510503309, 45, 2015),
(1356, 1510501238, 16, 2015),
(1357, 1510501238, 17, 2015),
(1358, 1510501238, 26, 2015),
(1359, 1510501238, 27, 2015),
(1360, 1510503318, 37, 2015),
(1361, 1510503318, 38, 2015),
(1362, 1510503318, 71, 2015),
(1363, 1510503318, 44, 2015),
(1364, 1510503318, 45, 2015),
(1365, 1510501129, 14, 2015),
(1366, 1510501129, 69, 2015),
(1367, 1510501129, 26, 2015),
(1368, 1510501129, 27, 2015),
(1369, 1510501221, 14, 2015),
(1370, 1510501221, 69, 2015),
(1371, 1510501221, 20, 2015),
(1372, 1510501221, 21, 2015),
(1373, 1510502279, 62, 2015),
(1374, 1510502279, 63, 2015),
(1375, 1510502279, 64, 2015),
(1376, 1510502279, 65, 2015),
(1377, 1510502279, 66, 2015),
(1378, 1510501222, 14, 2015),
(1379, 1510501222, 69, 2015),
(1380, 1510501222, 23, 2015),
(1381, 1510501222, 24, 2015),
(1382, 1510501243, 14, 2015),
(1383, 1510501243, 69, 2015),
(1384, 1510501243, 20, 2015),
(1385, 1510501243, 21, 2015),
(1386, 1510501230, 14, 2015),
(1387, 1510501230, 69, 2015),
(1388, 1510501230, 23, 2015),
(1389, 1510501230, 24, 2015),
(1390, 1510501241, 14, 2015),
(1391, 1510501241, 69, 2015),
(1392, 1510501241, 23, 2015),
(1393, 1510501241, 24, 2015),
(1394, 1510501522, 16, 2015),
(1395, 1510501522, 17, 2015),
(1396, 1510501522, 20, 2015),
(1397, 1510501522, 21, 2015),
(1398, 1510501519, 16, 2015),
(1399, 1510501519, 17, 2015),
(1400, 1510501519, 20, 2015),
(1401, 1510501519, 21, 2015),
(1402, 1510501414, 14, 2015),
(1403, 1510501414, 69, 2015),
(1404, 1510501414, 20, 2015),
(1405, 1510501414, 21, 2015),
(1406, 1510501208, 14, 2015),
(1407, 1510501208, 69, 2015),
(1408, 1510501208, 20, 2015),
(1409, 1510501208, 21, 2015),
(1410, 1510501205, 14, 2015),
(1411, 1510501205, 69, 2015),
(1412, 1510501205, 20, 2015),
(1413, 1510501205, 21, 2015),
(1414, 1510501202, 16, 2015),
(1415, 1510501202, 17, 2015),
(1416, 1510501202, 20, 2015),
(1417, 1510501202, 21, 2015),
(1418, 1510501416, 14, 2015),
(1419, 1510501416, 69, 2015),
(1420, 1510501416, 20, 2015),
(1421, 1510501416, 21, 2015),
(1422, 1510501413, 14, 2015),
(1423, 1510501413, 69, 2015),
(1424, 1510501413, 20, 2015),
(1425, 1510501413, 21, 2015),
(1426, 1510501403, 14, 2015),
(1427, 1510501403, 69, 2015),
(1428, 1510501403, 20, 2015),
(1429, 1510501403, 21, 2015),
(1430, 1510501407, 14, 2015),
(1431, 1510501407, 69, 2015),
(1432, 1510501407, 20, 2015),
(1433, 1510501407, 21, 2015),
(1434, 1510501517, 14, 2015),
(1435, 1510501517, 69, 2015),
(1436, 1510501517, 20, 2015),
(1437, 1510501517, 21, 2015),
(1438, 1510501534, 14, 2015),
(1439, 1510501534, 69, 2015),
(1440, 1510501534, 20, 2015),
(1441, 1510501534, 21, 2015),
(1442, 1510501235, 16, 2015),
(1443, 1510501235, 17, 2015),
(1444, 1510501235, 23, 2015),
(1445, 1510501235, 24, 2015),
(1446, 1510502158, 62, 2015),
(1447, 1510502158, 63, 2015),
(1448, 1510502158, 64, 2015),
(1449, 1510502158, 65, 2015),
(1450, 1510502158, 66, 2015),
(1451, 1510501544, 16, 2015),
(1452, 1510501544, 17, 2015),
(1453, 1510501544, 23, 2015),
(1454, 1510501544, 24, 2015),
(1455, 1510501313, 16, 2015),
(1456, 1510501313, 17, 2015),
(1457, 1510501313, 23, 2015),
(1458, 1510501313, 24, 2015),
(1459, 1510503307, 35, 2015),
(1460, 1510503307, 36, 2015),
(1461, 1510503307, 70, 2015),
(1462, 1510503307, 48, 2015),
(1463, 1510503307, 49, 2015),
(1464, 1510501302, 16, 2015),
(1465, 1510501302, 17, 2015),
(1466, 1510501302, 26, 2015),
(1467, 1510501302, 27, 2015),
(1468, 1510501540, 14, 2015),
(1469, 1510501540, 69, 2015),
(1470, 1510501540, 20, 2015),
(1471, 1510501540, 21, 2015),
(1472, 1510501536, 16, 2015),
(1473, 1510501536, 17, 2015),
(1474, 1510501536, 23, 2015),
(1475, 1510501536, 24, 2015),
(1476, 1510501442, 16, 2015),
(1477, 1510501442, 17, 2015),
(1478, 1510501442, 23, 2015),
(1479, 1510501442, 24, 2015),
(1480, 1510501424, 16, 2015),
(1481, 1510501424, 17, 2015),
(1482, 1510501424, 23, 2015),
(1483, 1510501424, 24, 2015),
(1484, 1510502264, 62, 2015),
(1485, 1510502264, 63, 2015),
(1486, 1510502264, 64, 2015),
(1487, 1510502264, 65, 2015),
(1488, 1510502264, 66, 2015),
(1489, 1510501502, 16, 2015),
(1490, 1510501502, 17, 2015),
(1491, 1510501502, 20, 2015),
(1492, 1510501502, 21, 2015),
(1493, 1510501204, 16, 2015),
(1494, 1510501204, 17, 2015),
(1495, 1510501204, 26, 2015),
(1496, 1510501204, 27, 2015),
(1497, 1510501324, 14, 2015),
(1498, 1510501324, 69, 2015),
(1499, 1510501324, 20, 2015),
(1500, 1510501324, 21, 2015),
(1501, 1510501228, 16, 2015),
(1502, 1510501228, 17, 2015),
(1503, 1510501228, 23, 2015),
(1504, 1510501228, 24, 2015),
(1505, 1510502163, 62, 2015),
(1506, 1510502163, 63, 2015),
(1507, 1510502163, 64, 2015),
(1508, 1510502163, 65, 2015),
(1509, 1510502163, 66, 2015),
(1510, 1510502271, 59, 2015),
(1511, 1510502271, 60, 2015),
(1512, 1510502271, 61, 2015),
(1513, 1510502271, 65, 2015),
(1514, 1510502271, 66, 2015),
(1515, 1510502134, 62, 2015),
(1516, 1510502134, 63, 2015),
(1517, 1510502134, 64, 2015),
(1518, 1510502134, 65, 2015),
(1519, 1510502134, 66, 2015),
(1520, 1510502130, 62, 2015),
(1521, 1510502130, 63, 2015),
(1522, 1510502130, 64, 2015),
(1523, 1510502130, 65, 2015),
(1524, 1510502130, 66, 2015),
(1525, 1510502123, 62, 2015),
(1526, 1510502123, 63, 2015),
(1527, 1510502123, 64, 2015),
(1528, 1510502123, 65, 2015),
(1529, 1510502123, 66, 2015),
(1530, 1510501405, 14, 2015),
(1531, 1510501405, 69, 2015),
(1532, 1510501405, 26, 2015),
(1533, 1510501405, 27, 2015),
(1534, 1510502115, 62, 2015),
(1535, 1510502115, 63, 2015),
(1536, 1510502115, 64, 2015),
(1537, 1510502115, 65, 2015),
(1538, 1510502115, 66, 2015),
(1539, 1510501236, 14, 2015),
(1540, 1510501236, 69, 2015),
(1541, 1510501236, 20, 2015),
(1542, 1510501236, 21, 2015),
(1543, 1510501514, 14, 2015),
(1544, 1510501514, 69, 2015),
(1545, 1510501514, 20, 2015),
(1546, 1510501514, 21, 2015),
(1547, 1510503131, 37, 2015),
(1548, 1510503131, 38, 2015),
(1549, 1510503131, 71, 2015),
(1550, 1510503131, 44, 2015),
(1551, 1510503131, 45, 2015),
(1552, 1510502103, 62, 2015),
(1553, 1510502103, 63, 2015),
(1554, 1510502103, 64, 2015),
(1555, 1510502103, 65, 2015),
(1556, 1510502103, 66, 2015),
(1557, 1510502118, 59, 2015),
(1558, 1510502118, 60, 2015),
(1559, 1510502118, 61, 2015),
(1560, 1510502118, 67, 2015),
(1561, 1510502118, 68, 2015),
(1562, 1510703144, 62, 2015),
(1563, 1510703144, 63, 2015),
(1564, 1510703144, 64, 2015),
(1565, 1510703144, 65, 2015),
(1566, 1510703144, 66, 2015),
(1567, 1310506258, 14, 2015),
(1568, 1310506258, 69, 2015),
(1569, 1310506258, 20, 2015),
(1570, 1310506258, 21, 2015),
(1571, 1510502159, 62, 2015),
(1572, 1510502159, 63, 2015),
(1573, 1510502159, 64, 2015),
(1574, 1510502159, 65, 2015),
(1575, 1510502159, 66, 2015),
(1576, 1510501429, 14, 2015),
(1577, 1510501429, 69, 2015),
(1578, 1510501429, 26, 2015),
(1579, 1510501429, 27, 2015),
(1580, 1510502208, 59, 2015),
(1581, 1510502208, 60, 2015),
(1582, 1510502208, 61, 2015),
(1583, 1510502208, 67, 2015),
(1584, 1510502208, 68, 2015),
(1585, 1510502206, 59, 2015),
(1586, 1510502206, 60, 2015),
(1587, 1510502206, 61, 2015),
(1588, 1510502206, 67, 2015),
(1589, 1510502206, 68, 2015),
(1590, 1510502218, 59, 2015),
(1591, 1510502218, 60, 2015),
(1592, 1510502218, 61, 2015),
(1593, 1510502218, 67, 2015),
(1594, 1510502218, 68, 2015),
(1595, 1510502219, 59, 2015),
(1596, 1510502219, 60, 2015),
(1597, 1510502219, 61, 2015),
(1598, 1510502219, 67, 2015),
(1599, 1510502219, 68, 2015),
(1600, 1510502207, 59, 2015),
(1601, 1510502207, 60, 2015),
(1602, 1510502207, 61, 2015),
(1603, 1510502207, 67, 2015),
(1604, 1510502207, 68, 2015),
(1605, 1510502210, 59, 2015),
(1606, 1510502210, 60, 2015),
(1607, 1510502210, 61, 2015),
(1608, 1510502210, 67, 2015),
(1609, 1510502210, 68, 2015),
(1610, 1510501411, 14, 2015),
(1611, 1510501411, 69, 2015),
(1612, 1510501411, 20, 2015),
(1613, 1510501411, 21, 2015),
(1614, 1510501408, 14, 2015),
(1615, 1510501408, 69, 2015),
(1616, 1510501408, 20, 2015),
(1617, 1510501408, 21, 2015),
(1618, 1510501541, 14, 2015),
(1619, 1510501541, 69, 2015),
(1620, 1510501541, 26, 2015),
(1621, 1510501541, 27, 2015),
(1622, 1510501308, 16, 2015),
(1623, 1510501308, 17, 2015),
(1624, 1510501308, 23, 2015),
(1625, 1510501308, 24, 2015),
(1626, 1510501433, 14, 2015),
(1627, 1510501433, 69, 2015),
(1628, 1510501433, 26, 2015),
(1629, 1510501433, 27, 2015),
(1630, 1510501425, 14, 2015),
(1631, 1510501425, 69, 2015),
(1632, 1510501425, 20, 2015),
(1633, 1510501425, 21, 2015),
(1634, 1510502178, 62, 2015),
(1635, 1510502178, 63, 2015),
(1636, 1510502178, 64, 2015),
(1637, 1510502178, 65, 2015),
(1638, 1510502178, 66, 2015),
(1639, 1510502124, 62, 2015),
(1640, 1510502124, 63, 2015),
(1641, 1510502124, 64, 2015),
(1642, 1510502124, 67, 2015),
(1643, 1510502124, 68, 2015),
(1644, 1510501440, 14, 2015),
(1645, 1510501440, 69, 2015),
(1646, 1510501440, 26, 2015),
(1647, 1510501440, 27, 2015),
(1648, 1510501412, 14, 2015),
(1649, 1510501412, 69, 2015),
(1650, 1510501412, 26, 2015),
(1651, 1510501412, 27, 2015),
(1652, 1510502120, 59, 2015),
(1653, 1510502120, 60, 2015),
(1654, 1510502120, 61, 2015),
(1655, 1510502120, 67, 2015),
(1656, 1510502120, 68, 2015),
(1657, 1510503310, 37, 2015),
(1658, 1510503310, 38, 2015),
(1659, 1510503310, 71, 2015),
(1660, 1510503310, 44, 2015),
(1661, 1510503310, 45, 2015),
(1662, 1510502157, 62, 2015),
(1663, 1510502157, 63, 2015),
(1664, 1510502157, 64, 2015),
(1665, 1510502157, 65, 2015),
(1666, 1510502157, 66, 2015),
(1667, 1510501428, 14, 2015),
(1668, 1510501428, 69, 2015),
(1669, 1510501428, 20, 2015),
(1670, 1510501428, 21, 2015),
(1671, 1510501421, 14, 2015),
(1672, 1510501421, 69, 2015),
(1673, 1510501421, 20, 2015),
(1674, 1510501421, 21, 2015),
(1675, 1510502205, 59, 2015),
(1676, 1510502205, 60, 2015),
(1677, 1510502205, 61, 2015),
(1678, 1510502205, 67, 2015),
(1679, 1510502205, 68, 2015),
(1680, 1510501439, 14, 2015),
(1681, 1510501439, 69, 2015),
(1682, 1510501439, 20, 2015),
(1683, 1510501439, 21, 2015),
(1684, 1510501427, 14, 2015),
(1685, 1510501427, 69, 2015),
(1686, 1510501427, 26, 2015),
(1687, 1510501427, 27, 2015),
(1688, 1510502171, 62, 2015),
(1689, 1510502171, 63, 2015),
(1690, 1510502171, 64, 2015),
(1691, 1510502171, 67, 2015),
(1692, 1510502171, 68, 2015),
(1693, 1510503311, 37, 2015),
(1694, 1510503311, 38, 2015),
(1695, 1510503311, 71, 2015),
(1696, 1510503311, 44, 2015),
(1697, 1510503311, 45, 2015),
(1698, 1510502176, 59, 2015),
(1699, 1510502176, 60, 2015),
(1700, 1510502176, 61, 2015),
(1701, 1510502176, 67, 2015),
(1702, 1510502176, 68, 2015),
(1703, 1510501512, 14, 2015),
(1704, 1510501512, 69, 2015),
(1705, 1510501512, 23, 2015),
(1706, 1510501512, 24, 2015),
(1707, 1510502241, 59, 2015),
(1708, 1510502241, 60, 2015),
(1709, 1510502241, 61, 2015),
(1710, 1510502241, 67, 2015),
(1711, 1510502241, 68, 2015),
(1712, 1510502174, 59, 2015),
(1713, 1510502174, 60, 2015),
(1714, 1510502174, 61, 2015),
(1715, 1510502174, 67, 2015),
(1716, 1510502174, 68, 2015),
(1717, 1510501401, 14, 2015),
(1718, 1510501401, 69, 2015),
(1719, 1510501401, 20, 2015),
(1720, 1510501401, 21, 2015),
(1721, 1510501404, 14, 2015),
(1722, 1510501404, 69, 2015),
(1723, 1510501404, 20, 2015),
(1724, 1510501404, 21, 2015),
(1725, 1510502126, 62, 2015),
(1726, 1510502126, 63, 2015),
(1727, 1510502126, 64, 2015),
(1728, 1510502126, 67, 2015),
(1729, 1510502126, 68, 2015),
(1730, 1510502104, 62, 2015),
(1731, 1510502104, 63, 2015),
(1732, 1510502104, 64, 2015),
(1733, 1510502104, 65, 2015),
(1734, 1510502104, 66, 2015),
(1735, 1510501223, 14, 2015),
(1736, 1510501223, 69, 2015),
(1737, 1510501223, 20, 2015),
(1738, 1510501223, 21, 2015),
(1739, 1510501226, 14, 2015),
(1740, 1510501226, 69, 2015),
(1741, 1510501226, 23, 2015),
(1742, 1510501226, 24, 2015),
(1743, 1510501105, 16, 2015),
(1744, 1510501105, 17, 2015),
(1745, 1510501105, 26, 2015),
(1746, 1510501105, 27, 2015),
(1747, 1510502153, 62, 2015),
(1748, 1510502153, 63, 2015),
(1749, 1510502153, 64, 2015),
(1750, 1510502153, 65, 2015),
(1751, 1510502153, 66, 2015),
(1752, 1510502248, 59, 2015),
(1753, 1510502248, 60, 2015),
(1754, 1510502248, 61, 2015),
(1755, 1510502248, 65, 2015),
(1756, 1510502248, 66, 2015),
(1757, 1510502149, 62, 2015),
(1758, 1510502149, 63, 2015),
(1759, 1510502149, 64, 2015),
(1760, 1510502149, 65, 2015),
(1761, 1510502149, 66, 2015),
(1762, 1510503122, 35, 2015),
(1763, 1510503122, 36, 2015),
(1764, 1510503122, 70, 2015),
(1765, 1510503122, 48, 2015),
(1766, 1510503122, 49, 2015),
(1767, 1510503341, 37, 2015),
(1768, 1510503341, 38, 2015),
(1769, 1510503341, 71, 2015),
(1770, 1510503341, 46, 2015),
(1771, 1510503341, 47, 2015),
(1772, 1510502228, 62, 2015),
(1773, 1510502228, 63, 2015),
(1774, 1510502228, 64, 2015),
(1775, 1510502228, 67, 2015),
(1776, 1510502228, 68, 2015),
(1777, 1510501426, 14, 2015),
(1778, 1510501426, 69, 2015),
(1779, 1510501426, 20, 2015),
(1780, 1510501426, 21, 2015),
(1781, 1510501410, 14, 2015),
(1782, 1510501410, 69, 2015),
(1783, 1510501410, 23, 2015),
(1784, 1510501410, 24, 2015),
(1785, 1510501419, 16, 2015),
(1786, 1510501419, 17, 2015),
(1787, 1510501419, 23, 2015),
(1788, 1510501419, 24, 2015),
(1789, 1510501438, 16, 2015),
(1790, 1510501438, 17, 2015),
(1791, 1510501438, 23, 2015),
(1792, 1510501438, 24, 2015),
(1793, 1510501406, 16, 2015),
(1794, 1510501406, 17, 2015),
(1795, 1510501406, 23, 2015),
(1796, 1510501406, 24, 2015),
(1797, 1510501409, 14, 2015),
(1798, 1510501409, 69, 2015),
(1799, 1510501409, 20, 2015),
(1800, 1510501409, 21, 2015),
(1801, 1510503336, 37, 2015),
(1802, 1510503336, 38, 2015),
(1803, 1510503336, 71, 2015),
(1804, 1510503336, 44, 2015),
(1805, 1510503336, 45, 2015),
(1806, 1510501341, 14, 2015),
(1807, 1510501341, 69, 2015),
(1808, 1510501341, 20, 2015),
(1809, 1510501341, 21, 2015),
(1810, 1510501333, 14, 2015),
(1811, 1510501333, 69, 2015),
(1812, 1510501333, 20, 2015),
(1813, 1510501333, 21, 2015),
(1814, 1510501306, 14, 2015),
(1815, 1510501306, 69, 2015),
(1816, 1510501306, 20, 2015),
(1817, 1510501306, 21, 2015),
(1818, 1510501343, 14, 2015),
(1819, 1510501343, 69, 2015),
(1820, 1510501343, 20, 2015),
(1821, 1510501343, 21, 2015),
(1822, 1510501332, 14, 2015),
(1823, 1510501332, 69, 2015),
(1824, 1510501332, 20, 2015),
(1825, 1510501332, 21, 2015),
(1826, 1510503233, 37, 2015),
(1827, 1510503233, 38, 2015),
(1828, 1510503233, 71, 2015),
(1829, 1510503233, 48, 2015),
(1830, 1510503233, 49, 2015),
(1831, 1510501323, 14, 2015),
(1832, 1510501323, 69, 2015),
(1833, 1510501323, 23, 2015),
(1834, 1510501323, 24, 2015),
(1835, 1510501527, 14, 2015),
(1836, 1510501527, 69, 2015),
(1837, 1510501527, 20, 2015),
(1838, 1510501527, 21, 2015),
(1839, 1510503335, 37, 2015),
(1840, 1510503335, 38, 2015),
(1841, 1510503335, 71, 2015),
(1842, 1510503335, 44, 2015),
(1843, 1510503335, 45, 2015),
(1844, 1510501116, 14, 2015),
(1845, 1510501116, 69, 2015),
(1846, 1510501116, 23, 2015),
(1847, 1510501116, 24, 2015),
(1848, 1510503331, 37, 2015),
(1849, 1510503331, 38, 2015),
(1850, 1510503331, 71, 2015);
INSERT INTO `su_student_choice` (`ch_Id`, `ch_StuNumber`, `ch_TrNodeId`, `ch_stuGrade`) VALUES
(1851, 1510503331, 44, 2015),
(1852, 1510503331, 45, 2015),
(1853, 1510503117, 35, 2015),
(1854, 1510503117, 36, 2015),
(1855, 1510503117, 70, 2015),
(1856, 1510503117, 46, 2015),
(1857, 1510503117, 47, 2015),
(1858, 1510502142, 62, 2015),
(1859, 1510502142, 63, 2015),
(1860, 1510502142, 64, 2015),
(1861, 1510502142, 65, 2015),
(1862, 1510502142, 66, 2015),
(1863, 1510503214, 37, 2015),
(1864, 1510503214, 38, 2015),
(1865, 1510503214, 71, 2015),
(1866, 1510503214, 44, 2015),
(1867, 1510503214, 45, 2015),
(1868, 1510501531, 14, 2015),
(1869, 1510501531, 69, 2015),
(1870, 1510501531, 20, 2015),
(1871, 1510501531, 21, 2015),
(1872, 1510502217, 62, 2015),
(1873, 1510502217, 63, 2015),
(1874, 1510502217, 64, 2015),
(1875, 1510502217, 65, 2015),
(1876, 1510502217, 66, 2015),
(1877, 1510501539, 16, 2015),
(1878, 1510501539, 17, 2015),
(1879, 1510501539, 23, 2015),
(1880, 1510501539, 24, 2015),
(1881, 1510501325, 16, 2015),
(1882, 1510501325, 17, 2015),
(1883, 1510501325, 23, 2015),
(1884, 1510501325, 24, 2015),
(1885, 1510501214, 14, 2015),
(1886, 1510501214, 69, 2015),
(1887, 1510501214, 23, 2015),
(1888, 1510501214, 24, 2015),
(1889, 1510501336, 14, 2015),
(1890, 1510501336, 69, 2015),
(1891, 1510501336, 23, 2015),
(1892, 1510501336, 24, 2015),
(1893, 1510501315, 14, 2015),
(1894, 1510501315, 69, 2015),
(1895, 1510501315, 23, 2015),
(1896, 1510501315, 24, 2015),
(1897, 1510501117, 14, 2015),
(1898, 1510501117, 69, 2015),
(1899, 1510501117, 23, 2015),
(1900, 1510501117, 24, 2015),
(1901, 1510502175, 62, 2015),
(1902, 1510502175, 63, 2015),
(1903, 1510502175, 64, 2015),
(1904, 1510502175, 67, 2015),
(1905, 1510502175, 68, 2015),
(1906, 1510501339, 14, 2015),
(1907, 1510501339, 69, 2015),
(1908, 1510501339, 20, 2015),
(1909, 1510501339, 21, 2015),
(1910, 1510503324, 37, 2015),
(1911, 1510503324, 38, 2015),
(1912, 1510503324, 71, 2015),
(1913, 1510503324, 46, 2015),
(1914, 1510503324, 47, 2015),
(1915, 1510501317, 14, 2015),
(1916, 1510501317, 69, 2015),
(1917, 1510501317, 20, 2015),
(1918, 1510501317, 21, 2015),
(1919, 1510501115, 14, 2015),
(1920, 1510501115, 69, 2015),
(1921, 1510501115, 20, 2015),
(1922, 1510501115, 21, 2015),
(1923, 1510502141, 62, 2015),
(1924, 1510502141, 63, 2015),
(1925, 1510502141, 64, 2015),
(1926, 1510502141, 65, 2015),
(1927, 1510502141, 66, 2015),
(1928, 1510502154, 62, 2015),
(1929, 1510502154, 63, 2015),
(1930, 1510502154, 64, 2015),
(1931, 1510502154, 67, 2015),
(1932, 1510502154, 68, 2015),
(1933, 1510502168, 62, 2015),
(1934, 1510502168, 63, 2015),
(1935, 1510502168, 64, 2015),
(1936, 1510502168, 65, 2015),
(1937, 1510502168, 66, 2015),
(1938, 1510502160, 62, 2015),
(1939, 1510502160, 63, 2015),
(1940, 1510502160, 64, 2015),
(1941, 1510502160, 65, 2015),
(1942, 1510502160, 66, 2015),
(1943, 1510502161, 59, 2015),
(1944, 1510502161, 60, 2015),
(1945, 1510502161, 61, 2015),
(1946, 1510502161, 67, 2015),
(1947, 1510502161, 68, 2015),
(1948, 1510502170, 59, 2015),
(1949, 1510502170, 60, 2015),
(1950, 1510502170, 61, 2015),
(1951, 1510502170, 67, 2015),
(1952, 1510502170, 68, 2015),
(1953, 1510502204, 59, 2015),
(1954, 1510502204, 60, 2015),
(1955, 1510502204, 61, 2015),
(1956, 1510502204, 67, 2015),
(1957, 1510502204, 68, 2015),
(1958, 1510502209, 62, 2015),
(1959, 1510502209, 63, 2015),
(1960, 1510502209, 64, 2015),
(1961, 1510502209, 67, 2015),
(1962, 1510502209, 68, 2015),
(1963, 1510501242, 14, 2015),
(1964, 1510501242, 69, 2015),
(1965, 1510501242, 23, 2015),
(1966, 1510501242, 24, 2015),
(1967, 1410501165, 14, 2015),
(1968, 1410501165, 69, 2015),
(1969, 1410501165, 23, 2015),
(1970, 1410501165, 24, 2015),
(1971, 1510501232, 14, 2015),
(1972, 1510501232, 69, 2015),
(1973, 1510501232, 23, 2015),
(1974, 1510501232, 24, 2015),
(1975, 1510502216, 59, 2015),
(1976, 1510502216, 60, 2015),
(1977, 1510502216, 61, 2015),
(1978, 1510502216, 67, 2015),
(1979, 1510502216, 68, 2015),
(1980, 1510501229, 14, 2015),
(1981, 1510501229, 69, 2015),
(1982, 1510501229, 20, 2015),
(1983, 1510501229, 21, 2015),
(1984, 1510502215, 59, 2015),
(1985, 1510502215, 60, 2015),
(1986, 1510502215, 61, 2015),
(1987, 1510502215, 67, 2015),
(1988, 1510502215, 68, 2015),
(1989, 1510502212, 59, 2015),
(1990, 1510502212, 60, 2015),
(1991, 1510502212, 61, 2015),
(1992, 1510502212, 67, 2015),
(1993, 1510502212, 68, 2015),
(1994, 1510502167, 62, 2015),
(1995, 1510502167, 63, 2015),
(1996, 1510502167, 64, 2015),
(1997, 1510502167, 67, 2015),
(1998, 1510502167, 68, 2015),
(1999, 1510502211, 59, 2015),
(2000, 1510502211, 60, 2015),
(2001, 1510502211, 61, 2015),
(2002, 1510502211, 67, 2015),
(2003, 1510502211, 68, 2015),
(2004, 1510501510, 14, 2015),
(2005, 1510501510, 69, 2015),
(2006, 1510501510, 26, 2015),
(2007, 1510501510, 27, 2015),
(2008, 1510501303, 14, 2015),
(2009, 1510501303, 69, 2015),
(2010, 1510501303, 23, 2015),
(2011, 1510501303, 24, 2015),
(2012, 1510503130, 35, 2015),
(2013, 1510503130, 36, 2015),
(2014, 1510503130, 70, 2015),
(2015, 1510503130, 44, 2015),
(2016, 1510503130, 45, 2015),
(2017, 1510502256, 62, 2015),
(2018, 1510502256, 63, 2015),
(2019, 1510502256, 64, 2015),
(2020, 1510502256, 65, 2015),
(2021, 1510502256, 66, 2015),
(2022, 1510501215, 14, 2015),
(2023, 1510501215, 69, 2015),
(2024, 1510501215, 20, 2015),
(2025, 1510501215, 21, 2015),
(2026, 1510503115, 35, 2015),
(2027, 1510503115, 36, 2015),
(2028, 1510503115, 70, 2015),
(2029, 1510503115, 50, 2015),
(2030, 1510503115, 51, 2015),
(2031, 1510503210, 35, 2015),
(2032, 1510503210, 36, 2015),
(2033, 1510503210, 70, 2015),
(2034, 1510503210, 50, 2015),
(2035, 1510503210, 51, 2015),
(2036, 1510502254, 62, 2015),
(2037, 1510502254, 63, 2015),
(2038, 1510502254, 64, 2015),
(2039, 1510502254, 65, 2015),
(2040, 1510502254, 66, 2015),
(2041, 1510501132, 14, 2015),
(2042, 1510501132, 69, 2015),
(2043, 1510501132, 20, 2015),
(2044, 1510501132, 21, 2015),
(2045, 1510503218, 37, 2015),
(2046, 1510503218, 38, 2015),
(2047, 1510503218, 71, 2015),
(2048, 1510503218, 46, 2015),
(2049, 1510503218, 47, 2015),
(2050, 1510502261, 62, 2015),
(2051, 1510502261, 63, 2015),
(2052, 1510502261, 64, 2015),
(2053, 1510502261, 65, 2015),
(2054, 1510502261, 66, 2015),
(2055, 1510501309, 16, 2015),
(2056, 1510501309, 17, 2015),
(2057, 1510501309, 23, 2015),
(2058, 1510501309, 24, 2015),
(2059, 1510502259, 62, 2015),
(2060, 1510502259, 63, 2015),
(2061, 1510502259, 64, 2015),
(2062, 1510502259, 65, 2015),
(2063, 1510502259, 66, 2015),
(2064, 1510502270, 62, 2015),
(2065, 1510502270, 63, 2015),
(2066, 1510502270, 64, 2015),
(2067, 1510502270, 65, 2015),
(2068, 1510502270, 66, 2015),
(2069, 1510502156, 62, 2015),
(2070, 1510502156, 63, 2015),
(2071, 1510502156, 64, 2015),
(2072, 1510502156, 65, 2015),
(2073, 1510502156, 66, 2015),
(2074, 1510502119, 62, 2015),
(2075, 1510502119, 63, 2015),
(2076, 1510502119, 64, 2015),
(2077, 1510502119, 65, 2015),
(2078, 1510502119, 66, 2015),
(2079, 1510503243, 35, 2015),
(2080, 1510503243, 36, 2015),
(2081, 1510503243, 70, 2015),
(2082, 1510503243, 50, 2015),
(2083, 1510503243, 51, 2015),
(2084, 1510502121, 62, 2015),
(2085, 1510502121, 63, 2015),
(2086, 1510502121, 64, 2015),
(2087, 1510502121, 67, 2015),
(2088, 1510502121, 68, 2015),
(2089, 1510501437, 14, 2015),
(2090, 1510501437, 69, 2015),
(2091, 1510501437, 23, 2015),
(2092, 1510501437, 24, 2015),
(2093, 1510503321, 35, 2015),
(2094, 1510503321, 36, 2015),
(2095, 1510503321, 70, 2015),
(2096, 1510503321, 48, 2015),
(2097, 1510503321, 49, 2015),
(2098, 1510501108, 14, 2015),
(2099, 1510501108, 69, 2015),
(2100, 1510501108, 23, 2015),
(2101, 1510501108, 24, 2015),
(2102, 1510502138, 59, 2015),
(2103, 1510502138, 60, 2015),
(2104, 1510502138, 61, 2015),
(2105, 1510502138, 65, 2015),
(2106, 1510502138, 66, 2015),
(2111, 1510503303, 35, 2015),
(2112, 1510503303, 36, 2015),
(2113, 1510503303, 70, 2015),
(2114, 1510503303, 44, 2015),
(2115, 1510503303, 45, 2015),
(2116, 1510502116, 59, 2015),
(2117, 1510502116, 60, 2015),
(2118, 1510502116, 61, 2015),
(2119, 1510502116, 67, 2015),
(2120, 1510502116, 68, 2015),
(2121, 1510501213, 16, 2015),
(2122, 1510501213, 17, 2015),
(2123, 1510501213, 26, 2015),
(2124, 1510501213, 27, 2015),
(2125, 1510501122, 14, 2015),
(2126, 1510501122, 69, 2015),
(2127, 1510501122, 26, 2015),
(2128, 1510501122, 27, 2015),
(2129, 1510501521, 14, 2015),
(2130, 1510501521, 69, 2015),
(2131, 1510501521, 23, 2015),
(2132, 1510501521, 24, 2015),
(2133, 1510501219, 14, 2015),
(2134, 1510501219, 69, 2015),
(2135, 1510501219, 23, 2015),
(2136, 1510501219, 24, 2015),
(2137, 1510501120, 14, 2015),
(2138, 1510501120, 69, 2015),
(2139, 1510501120, 20, 2015),
(2140, 1510501120, 21, 2015),
(2141, 1510501128, 14, 2015),
(2142, 1510501128, 69, 2015),
(2143, 1510501128, 20, 2015),
(2144, 1510501128, 21, 2015),
(2145, 1510501124, 14, 2015),
(2146, 1510501124, 69, 2015),
(2147, 1510501124, 20, 2015),
(2148, 1510501124, 21, 2015),
(2149, 1510501101, 14, 2015),
(2150, 1510501101, 69, 2015),
(2151, 1510501101, 23, 2015),
(2152, 1510501101, 24, 2015),
(2153, 1510503144, 35, 2015),
(2154, 1510503144, 36, 2015),
(2155, 1510503144, 70, 2015),
(2156, 1510503144, 50, 2015),
(2157, 1510503144, 51, 2015),
(2158, 1510503142, 37, 2015),
(2159, 1510503142, 38, 2015),
(2160, 1510503142, 71, 2015),
(2161, 1510503142, 44, 2015),
(2162, 1510503142, 45, 2015),
(2163, 1510501328, 14, 2015),
(2164, 1510501328, 69, 2015),
(2165, 1510501328, 23, 2015),
(2166, 1510501328, 24, 2015),
(2167, 1510501516, 14, 2015),
(2168, 1510501516, 69, 2015),
(2169, 1510501516, 20, 2015),
(2170, 1510501516, 21, 2015),
(2171, 1510502253, 62, 2015),
(2172, 1510502253, 63, 2015),
(2173, 1510502253, 64, 2015),
(2174, 1510502253, 65, 2015),
(2175, 1510502253, 66, 2015),
(2176, 1510502258, 62, 2015),
(2177, 1510502258, 63, 2015),
(2178, 1510502258, 64, 2015),
(2179, 1510502258, 67, 2015),
(2180, 1510502258, 68, 2015),
(2181, 1510502260, 59, 2015),
(2182, 1510502260, 60, 2015),
(2183, 1510502260, 61, 2015),
(2184, 1510502260, 67, 2015),
(2185, 1510502260, 68, 2015),
(2186, 1510502214, 62, 2015),
(2187, 1510502214, 63, 2015),
(2188, 1510502214, 64, 2015),
(2189, 1510502214, 67, 2015),
(2190, 1510502214, 68, 2015),
(2191, 1510501321, 14, 2015),
(2192, 1510501321, 69, 2015),
(2193, 1510501321, 20, 2015),
(2194, 1510501321, 21, 2015),
(2195, 1510501524, 14, 2015),
(2196, 1510501524, 69, 2015),
(2197, 1510501524, 20, 2015),
(2198, 1510501524, 21, 2015),
(2199, 1510501140, 16, 2015),
(2200, 1510501140, 17, 2015),
(2201, 1510501140, 23, 2015),
(2202, 1510501140, 24, 2015),
(2203, 1510502127, 59, 2015),
(2204, 1510502127, 60, 2015),
(2205, 1510502127, 61, 2015),
(2206, 1510502127, 65, 2015),
(2207, 1510502127, 66, 2015),
(2208, 1510502177, 62, 2015),
(2209, 1510502177, 63, 2015),
(2210, 1510502177, 64, 2015),
(2211, 1510502177, 65, 2015),
(2212, 1510502177, 66, 2015),
(2213, 1510501106, 16, 2015),
(2214, 1510501106, 17, 2015),
(2215, 1510501106, 20, 2015),
(2216, 1510501106, 21, 2015),
(2217, 1510502135, 59, 2015),
(2218, 1510502135, 60, 2015),
(2219, 1510502135, 61, 2015),
(2220, 1510502135, 67, 2015),
(2221, 1510502135, 68, 2015),
(2222, 1510501111, 14, 2015),
(2223, 1510501111, 69, 2015),
(2224, 1510501111, 23, 2015),
(2225, 1510501111, 24, 2015),
(2226, 1510501314, 14, 2015),
(2227, 1510501314, 69, 2015),
(2228, 1510501314, 23, 2015),
(2229, 1510501314, 24, 2015),
(2230, 1510502102, 62, 2015),
(2231, 1510502102, 63, 2015),
(2232, 1510502102, 64, 2015),
(2233, 1510502102, 65, 2015),
(2234, 1510502102, 66, 2015),
(2235, 1510501218, 16, 2015),
(2236, 1510501218, 17, 2015),
(2237, 1510501218, 23, 2015),
(2238, 1510501218, 24, 2015),
(2239, 1510503135, 37, 2015),
(2240, 1510503135, 38, 2015),
(2241, 1510503135, 71, 2015),
(2242, 1510503135, 46, 2015),
(2243, 1510503135, 47, 2015),
(2244, 1510501203, 14, 2015),
(2245, 1510501203, 69, 2015),
(2246, 1510501203, 23, 2015),
(2247, 1510501203, 24, 2015),
(2248, 1510501417, 14, 2015),
(2249, 1510501417, 69, 2015),
(2250, 1510501417, 26, 2015),
(2251, 1510501417, 27, 2015);

-- --------------------------------------------------------

--
-- 表的结构 `su_student_training`
--

CREATE TABLE `su_student_training` (
  `tra_Id` int(11) NOT NULL COMMENT '关系ID',
  `tra_StuNumber` int(11) NOT NULL COMMENT '学生学号',
  `tra_TrNodeId` int(11) NOT NULL COMMENT '结点ID'
) ENGINE=InnoDB DEFAULT CHARSET=utf8 COLLATE=utf8_bin;

-- --------------------------------------------------------

--
-- 表的结构 `su_training_tree`
--

CREATE TABLE `su_training_tree` (
  `ttr_NodeId` int(11) NOT NULL,
  `ttr_ParentId` int(11) NOT NULL,
  `ttr_Name` varchar(30) COLLATE utf8_bin NOT NULL,
  `ttr_Limit` int(3) DEFAULT NULL,
  `ttr_Level` int(11) NOT NULL,
  `ttr_Synopsis` text COLLATE utf8_bin
) ENGINE=InnoDB DEFAULT CHARSET=utf8 COLLATE=utf8_bin COMMENT='实训表';

--
-- 转存表中的数据 `su_training_tree`
--

INSERT INTO `su_training_tree` (`ttr_NodeId`, `ttr_ParentId`, `ttr_Name`, `ttr_Limit`, `ttr_Level`, `ttr_Synopsis`) VALUES
(1, 0, '数学与信息工程系', NULL, 0, NULL),
(5, 1, '计算机科学与技术', NULL, 1, NULL),
(6, 5, '2014', NULL, 2, NULL),
(8, 5, '2015', NULL, 2, NULL),
(10, 5, '2016', NULL, 2, NULL),
(13, 6, '2016年下期实训', 1, 3, '斯蒂芬森相关的粉红色的风格和'),
(14, 1, '物联网工程', NULL, 1, NULL),
(15, 14, '2014', NULL, 2, NULL),
(16, 14, '2015', NULL, 2, NULL),
(17, 14, '2016', NULL, 2, NULL),
(18, 16, 'JAVA', 40, 3, '阿阿萨斯'),
(19, 13, 'java ', 6, 4, '*'),
(20, 8, '2016年下期实训', NULL, 3, NULL),
(22, 13, 'android ', 40, 4, '*'),
(23, 6, '2016年上期实训', NULL, 3, NULL),
(24, 23, 'web ', 56, 4, '*'),
(25, 23, '游戏 ', 40, 4, '*'),
(26, 6, '2015年上期实训', NULL, 3, NULL),
(27, 26, '收复失地 ', 23, 4, '*'),
(28, 26, '豆腐干地方 ', 45, 4, '*');

--
-- Indexes for dumped tables
--

--
-- Indexes for table `su_course_tree`
--
ALTER TABLE `su_course_tree`
  ADD PRIMARY KEY (`ctr_NodeId`);

--
-- Indexes for table `su_manager`
--
ALTER TABLE `su_manager`
  ADD PRIMARY KEY (`mg_Id`);

--
-- Indexes for table `su_student`
--
ALTER TABLE `su_student`
  ADD PRIMARY KEY (`stu_Number`);

--
-- Indexes for table `su_student_choice`
--
ALTER TABLE `su_student_choice`
  ADD PRIMARY KEY (`ch_Id`);

--
-- Indexes for table `su_student_training`
--
ALTER TABLE `su_student_training`
  ADD PRIMARY KEY (`tra_Id`);

--
-- Indexes for table `su_training_tree`
--
ALTER TABLE `su_training_tree`
  ADD PRIMARY KEY (`ttr_NodeId`);

--
-- 在导出的表使用AUTO_INCREMENT
--

--
-- 使用表AUTO_INCREMENT `su_course_tree`
--
ALTER TABLE `su_course_tree`
  MODIFY `ctr_NodeId` int(11) NOT NULL AUTO_INCREMENT COMMENT '结点ID', AUTO_INCREMENT=72;
--
-- 使用表AUTO_INCREMENT `su_manager`
--
ALTER TABLE `su_manager`
  MODIFY `mg_Id` int(11) NOT NULL AUTO_INCREMENT COMMENT 'id', AUTO_INCREMENT=2;
--
-- 使用表AUTO_INCREMENT `su_student_choice`
--
ALTER TABLE `su_student_choice`
  MODIFY `ch_Id` int(11) NOT NULL AUTO_INCREMENT COMMENT '关系ID', AUTO_INCREMENT=2252;
--
-- 使用表AUTO_INCREMENT `su_student_training`
--
ALTER TABLE `su_student_training`
  MODIFY `tra_Id` int(11) NOT NULL AUTO_INCREMENT COMMENT '关系ID';
--
-- 使用表AUTO_INCREMENT `su_training_tree`
--
ALTER TABLE `su_training_tree`
  MODIFY `ttr_NodeId` int(11) NOT NULL AUTO_INCREMENT, AUTO_INCREMENT=29;
/*!40101 SET CHARACTER_SET_CLIENT=@OLD_CHARACTER_SET_CLIENT */;
/*!40101 SET CHARACTER_SET_RESULTS=@OLD_CHARACTER_SET_RESULTS */;
/*!40101 SET COLLATION_CONNECTION=@OLD_COLLATION_CONNECTION */;
